acousticness,album_id,analysis_url,artists_id,artists_name,available_markets,country,danceability,disc_number,duration_ms,energy,href,id,instrumentalness,key,liveness,loudness,lyrics,mode,name,playlist,popularity,preview_url,speechiness,tempo,time_signature,track_href,track_name_prev,track_number,uri,valence,type
0.216,3kEtdS2pH6hKcMU9Wioob1,https://api.spotify.com/v1/audio-analysis/27u3Rh4IWYPdwVST20ALrt,"['20qISvAhX20dpIbOOzGK3q', '3ZotbHeyVQKxQCPDJuQ4SU']",Bob Marley,"['AD', 'AE', 'AR', 'AT', 'AU', 'BE', 'BG', 'BH', 'BO', 'BR', 'CA', 'CH', 'CL', 'CO', 'CR', 'CY', 'CZ', 'DE', 'DK', 'DO', 'DZ', 'EC', 'EE', 'EG', 'ES', 'FI', 'FR', 'GB', 'GR', 'GT', 'HK', 'HN', 'HU', 'ID', 'IE', 'IL', 'IN', 'IS', 'IT', 'JO', 'JP', 'KW', 'LB', 'LI', 'LT', 'LU', 'LV', 'MA', 'MC', 'MT', 'MX', 'MY', 'NI', 'NL', 'NO', 'NZ', 'OM', 'PA', 'PE', 'PH', 'PL', 'PS', 'PT', 'PY', 'QA', 'RO', 'SA', 'SE', 'SG', 'SK', 'SV', 'TH', 'TN', 'TR', 'TW', 'US', 'UY', 'VN', 'ZA']",BE,0.765,1.0,325653.0,0.687,https://api.spotify.com/v1/tracks/27u3Rh4IWYPdwVST20ALrt,27u3Rh4IWYPdwVST20ALrt,0.0,0.0,0.104,-6.664,"


What up, kid? I know shit is rough doin' your bid
When the cops came you shoulda slid to my crib
Fuck it, black, no time for lookin' back, it's done
Plus, congratulations, you know you got a son
I heard he looks like ya, why don't your lady write ya?
Told her she should visit, that's when she got hyper
Flippin', talkin' about he acts too rough
He didn't listen, he be riffin' while I'm tellin' him stuff
I was like, ""Yeah,"" shorty don't care, she a snake too
Fuckin' with them niggas from that fake crew that hate you
But yo, guess who got shot in the dome-piece?
Jerome's niece, on her way home from Jones Beach
It's bugged, plus little Rob is sellin' drugs on the dime
Hangin' out with young thugs that all carry 9's
And night time is more trife than ever
What up with Cormega? Did you see him? Are y'all together?
If so, then hold the fort down, represent to the fullest
Say what's up to Herb, Ice and Bullet
I left a half a hundred in your commissary
You was my nigga when push came to shove
(One what?) One love!

One love, one love, one love, one love
One love, one love, one love, one love
One love, one love, one love, one love
One love, one love, one love, one love

Dear Born, you'll be out soon, stay strong
Out in New York the same shit is goin' on
The crackheads stalkin', loudmouths is talkin'
Hold, check out the story yesterday when I was walkin'
That nigga you shot last year tried to appear
Like he hurtin' somethin'
Word to mother, I heard him frontin'
And he be pumpin' on your block
Your man gave him your Glock
And now they run together — what up, son? Whatever
Since I'm on the streets I'ma put it to a cease
But I heard you blew a nigga with a ox for the phone piece
Wildin' on the Island, but now in Elmira
Better chill, ‘cause them niggas will put that ass on fire
Last time you wrote you said they tried you in the showers
But maintain, when you come home the corner's ours
On the reals, all these crab niggas know the deal
When we start the revolution all they probably do is squeal
But chill, see you on the next V-I
I gave your mom dukes loot for kicks, plus sent you flicks
Your brother's buckwildin' in 4-Main, he wrote me
He might beat his case, 'til he come home I'll play it lowkey
So stay civilized, time flies
Though incarcerated your mind dies
I hate it when your moms cries
It kinda makes me want to murder, for reala
I even got a mask and gloves to bust slugs, but one love

One love, one love, one love, one love
One love, one love, one love, one love
One love, one love, one love, one love
One love, one love, one love, one love

Sometimes I sit back with a Buddha sack
Mind's in another world, thinkin'
""How can we exist through the facts?""
Written in school text books, bibles, et cetera
Fuck a school lecture, the lies get me vexed-er
So I be ghost from my projects
I take my pen and pad for the weekend
Hittin' L's while I'm sleepin'
A two-day stay, you may say I need the time alone
To relax my dome, no phone, left the 9 at home
You see the streets had me stressed somethin' terrible
Fuckin' with the corners have a nigga up in Bellevue
Or HDM, hit with numbers from 8 to 10
A future in a maximum state pen is grim
So I comes back home, nobody's out but Shorty Doo-Wop
Rollin' two phillies together: in the Bridge we call 'em oo-wops
He said: ""Nas, niggas caught me bustin' off the roof
So I wear a bulletproof and pack a black tre-deuce.""
He inhaled so deep, shut his eyes like he was sleep
Started coughin', one eye peeked to watch me speak
I sat back like The Mack, my army suit was black
We was chillin' on these benches
Where he pumped his loose cracks
I took the L when he passed it, this little bastard
Keeps me blasted and starts talkin' mad shit
I had to school him, told him don't let niggas fool him
‘Cause when the pistol blows
The one that's murdered be the cool one
Tough luck when niggas are struck, families fucked up
Coulda caught your man, but didn't look when you bucked up
Mistakes happen, so take heed, never bust up
At the crowd, catch him solo, make the right man bleed
Shorty's laugh was cold-blooded as he spoke so foul
Only twelve, tryin' to tell me that he liked my style
Then I rose, wipin' the blunt's ash from my clothes
Then froze, only to blow the herb smoke through my nose
And told my little man I'ma ghost, I broze
Left some jewels in his skull that he can sell if he chose
Words of wisdom from Nas: try to rise up above
Keep an eye out for Jake, Shorty Wop, one love

One love, one love, one love, one love
One love, one love, one love, one love
One love, one love, one love, one love
One love, one love, one love, one love

To all my niggas locked up
From Queensbridge and all over
To my man , one love
To my man Herb, one love
To my man , one love
Can't forget my motherfuckin' heart, Big , one love
To , yeah, one love
",1.0,One Love,reggae,55.0,https://p.scdn.co/mp3-preview/fefab22851ffd12f16017697764ac17a0b01f367?cid=b3cdb16d0df2409abf6a8f6c2f6c2e0c,0.259,92.873,4.0,https://api.spotify.com/v1/tracks/27u3Rh4IWYPdwVST20ALrt,track_30,7.0,spotify:track:27u3Rh4IWYPdwVST20ALrt,0.813,track
0.181,05SuSxEPuEJI1RnwTcOCRg,https://api.spotify.com/v1/audio-analysis/4TyCnstYu6LGrjka5WW6ft,['2WjvvwAX0mdWwq3aFuUdtc'],Junior Byles,"['AD', 'AE', 'AR', 'AT', 'AU', 'BE', 'BG', 'BH', 'BO', 'BR', 'CA', 'CH', 'CL', 'CO', 'CR', 'CY', 'CZ', 'DE', 'DK', 'DO', 'DZ', 'EC', 'EE', 'EG', 'ES', 'FI', 'FR', 'GR', 'GT', 'HK', 'HN', 'HU', 'ID', 'IE', 'IL', 'IN', 'IS', 'IT', 'JO', 'JP', 'KW', 'LB', 'LI', 'LT', 'LU', 'LV', 'MA', 'MC', 'MT', 'MX', 'MY', 'NI', 'NL', 'NO', 'NZ', 'OM', 'PA', 'PE', 'PH', 'PL', 'PS', 'PT', 'PY', 'QA', 'RO', 'SA', 'SE', 'SG', 'SK', 'SV', 'TH', 'TN', 'TR', 'TW', 'US', 'UY', 'VN', 'ZA']",BE,0.685,1.0,209253.0,0.54,https://api.spotify.com/v1/tracks/4TyCnstYu6LGrjka5WW6ft,4TyCnstYu6LGrjka5WW6ft,0.015,9.0,0.114,-9.701,"

When all of this is said and done
You will be alone
Cause I know this won't last forever
Here's a toast to your unknown
Mother of us all
You and I are one together

Ah, I know this won't last forever
Ah, but I wish this could last forever
I know this won't last forever
But I wish this would last forever

Waking up to your eye
I don't have an answer
So I think I know you better
Waking up to your eye
Multi-colored sunsets
You're the one who gives me shelter

Ah, I know this won't last forever
Ah, but I wish this could last forever
I know this won't last forever
But I wish this would last forever


Keeping it calm
Until we all fade away and move on
Keeping it calm
Until we all fade away and live on
Keeping it calm
Until we all fade away and move on
Keeping it calm
Until we all fade away and live on
",1.0,Fade Away,reggae,62.0,https://p.scdn.co/mp3-preview/0e34ca81da5dfdf95549923e2009b801409c8175?cid=b3cdb16d0df2409abf6a8f6c2f6c2e0c,0.0253,109.926,4.0,https://api.spotify.com/v1/tracks/4TyCnstYu6LGrjka5WW6ft,track_12,5.0,spotify:track:4TyCnstYu6LGrjka5WW6ft,0.235,track
7.08e-06,3uEqILZYkvtbrlQCl4qmBe,https://api.spotify.com/v1/audio-analysis/79inAVgsZplcYHyzHcR6EO,['4LlvZpSkapl3vj704A7XKO'],Bob Marley,"['AD', 'AE', 'AR', 'AT', 'AU', 'BE', 'BG', 'BH', 'BO', 'BR', 'CA', 'CH', 'CL', 'CO', 'CR', 'CY', 'CZ', 'DE', 'DK', 'DO', 'DZ', 'EC', 'EE', 'EG', 'ES', 'FI', 'FR', 'GB', 'GR', 'GT', 'HK', 'HN', 'HU', 'ID', 'IE', 'IL', 'IN', 'IS', 'IT', 'JO', 'JP', 'KW', 'LB', 'LI', 'LT', 'LU', 'LV', 'MA', 'MC', 'MT', 'MX', 'MY', 'NI', 'NL', 'NO', 'NZ', 'OM', 'PA', 'PE', 'PH', 'PL', 'PS', 'PT', 'PY', 'QA', 'RO', 'SA', 'SE', 'SG', 'SK', 'SV', 'TH', 'TN', 'TR', 'TW', 'US', 'UY', 'VN', 'ZA']",BE,0.502,1.0,204965.0,0.933,https://api.spotify.com/v1/tracks/79inAVgsZplcYHyzHcR6EO,79inAVgsZplcYHyzHcR6EO,0.00251,1.0,0.13,-3.35,"
Yeah
This Is An Information War
Yeah
This Is An Information War
Conformists Conforming
Like They Don't Wanna Know What The Norm Is
Stuck, Dazed, Eyes Shut
Two Fingers Up Cause I Don't Wanna Fuck With Territories
My Mind Is Tampered With
These Thoughts They Make Me Sick
So Here's The Warning
Government Hear My Calling
Dealing Hands Like I'm All Intact
State Your Facts
Raise Your Stats
Raise The Bar Like You Raise Our Tax
Deep impact
All Been Jacked By The Rich Man Don't Be A Snitch Man
Thinking They're All Saviors
But We Don't Need Saving Here
I'm Done With The Policies
I’m Broke But I Won’t Leave
You So Untouchable
We Won’t Change
We Won’t Change
We Lose Our Lives To Prove You Wrong
Yeah
This Is An Information War
Yeah
This Is An Information War
What Do You Know About Terrorists
Do You Know Where The Terror Is?
It's Evident Times Are Irrelevant
(No Justice)
The Country's Decadent
(Don't Trust This)
I'm Hungry For Evidence
Hunting For Presidents
Claiming Precedence
I Might Make It Out Alive
Give Me Hope Or Give Me Time
You So Untouchable
We Won’t Change
We Won’t Change
We Lose Our Lives To Prove You Wrong
We Can’t Do This Alone
We Made A Pact
This Is Our Home
A Change To Fade Away In Vain Today
Rage is what we live for
Rage is what we live for
You So Untouchable
We Won’t Change
We Won’t Change
We Lose Our Lives To Prove You Wrong
We Can’t Do This Alone
We Made A Pact
This Is Our Home
A Change To Fade Away In Vain Today
",1.0,War,reggae,35.0,https://p.scdn.co/mp3-preview/4887cda86c45eacbdadb57948c652a12ccab522b?cid=b3cdb16d0df2409abf6a8f6c2f6c2e0c,0.0845,142.967,4.0,https://api.spotify.com/v1/tracks/79inAVgsZplcYHyzHcR6EO,track_36,1.0,spotify:track:79inAVgsZplcYHyzHcR6EO,0.44,track
0.00118,4fUOOBGNI8k9cb4vD2hZ65,https://api.spotify.com/v1/audio-analysis/4Mxv1tOYFoqkL73qKZ5gyP,['0oea1hwGMfUxZbLxJc1XUN'],Bob Marley,"['AD', 'AE', 'AR', 'AT', 'AU', 'BE', 'BG', 'BH', 'BO', 'BR', 'CA', 'CH', 'CL', 'CO', 'CR', 'CY', 'CZ', 'DE', 'DK', 'DO', 'DZ', 'EC', 'EE', 'EG', 'ES', 'FI', 'FR', 'GB', 'GR', 'GT', 'HK', 'HN', 'HU', 'ID', 'IE', 'IL', 'IN', 'IS', 'IT', 'JO', 'JP', 'KW', 'LB', 'LI', 'LT', 'LU', 'LV', 'MA', 'MC', 'MT', 'MX', 'MY', 'NI', 'NL', 'NO', 'NZ', 'OM', 'PA', 'PE', 'PH', 'PL', 'PS', 'PT', 'PY', 'QA', 'RO', 'SA', 'SE', 'SG', 'SK', 'SV', 'TH', 'TN', 'TR', 'TW', 'US', 'UY', 'VN', 'ZA']",BE,0.899,1.0,215200.0,0.574,https://api.spotify.com/v1/tracks/4Mxv1tOYFoqkL73qKZ5gyP,4Mxv1tOYFoqkL73qKZ5gyP,0.000345,5.0,0.0567,-9.946,"
Chorus:
Get up, stand up
Stand up for your rights
Get up, stand up
Don't give up the fight
(2x)
You, preacher man don't tell me
Heaven is under the earth
You a duppy and you don't know
What life is really worth
It's not all that glitter is gold
And half the story has never been told
So now we see the light
We gonna stand up for your rights
Come on
Chorus
Cause you know most people think
A great God will come from the skies
Take away everything
And left everybody dry
But if you know what life is worth
Then you would look for yours on earth
And now you see the light
We gonna stand up for your rights
Chorus
We're sick and tired of this game of technology
Humbly asking Jesus for his mercy
We know and we know and understand
Almighty Jah is a living man
You fool some people sometimes
But you can't fool all the people all the time
And now we see the light
We gonna stand up for our rights
",1.0,"Get Up, Stand Up",reggae,48.0,https://p.scdn.co/mp3-preview/bbaa2345dcd67c9dbf1aa65b2bd9af426b239c85?cid=b3cdb16d0df2409abf6a8f6c2f6c2e0c,0.0788,138.956,4.0,https://api.spotify.com/v1/tracks/4Mxv1tOYFoqkL73qKZ5gyP,track_31,1.0,spotify:track:4Mxv1tOYFoqkL73qKZ5gyP,0.913,track
0.781,6i3wTar64WzxzfFe9aOJIc,https://api.spotify.com/v1/audio-analysis/4QA7CAHsB6XYHZvW6FQisT,['3mkd8IxWAcW5OC2kHOfhuM'],Bob Marley,"['AD', 'AE', 'AR', 'AT', 'AU', 'BE', 'BG', 'BH', 'BO', 'BR', 'CA', 'CH', 'CL', 'CO', 'CR', 'CY', 'CZ', 'DE', 'DK', 'DO', 'DZ', 'EC', 'EE', 'EG', 'ES', 'FI', 'FR', 'GB', 'GR', 'GT', 'HK', 'HN', 'HU', 'ID', 'IE', 'IL', 'IN', 'IS', 'IT', 'JO', 'JP', 'KW', 'LB', 'LI', 'LT', 'LU', 'LV', 'MA', 'MC', 'MT', 'MX', 'MY', 'NI', 'NL', 'NO', 'NZ', 'OM', 'PA', 'PE', 'PH', 'PL', 'PS', 'PT', 'PY', 'QA', 'RO', 'SA', 'SE', 'SG', 'SK', 'SV', 'TH', 'TN', 'TR', 'TW', 'US', 'UY', 'VN', 'ZA']",BE,0.703,1.0,285080.0,0.364,https://api.spotify.com/v1/tracks/4QA7CAHsB6XYHZvW6FQisT,4QA7CAHsB6XYHZvW6FQisT,0.00363,4.0,0.118,-11.291,"

É só isso
Não tem mais jeito
Acabou, boa sorte
Não tenho o que dizer
São só palavras
E o que eu sinto
Não mudará

Tudo o que quer me dar
É demais
É pesado
Não há paz
Tudo o que quer de mim
Irreais
Expectativas, desleais

That's it
There's no way
It's over
Good luck
I've nothing left to say
It's only words
And what l feel
Won't change

Tudo o que quer me dar
Everything you want to give me
É demais
It's too much
É pesado
It's heavy
Não há paz
There is no peace
Tudo o que quer de mim
All you want from me
Irreais
Isn't real
Expectativas
Expectations
Desleais

Mesmo se segure
Quero que se cure
Dessa pessoa
Que o aconselha
Há um desencontro
Veja por esse ponto
Há tantas pessoas especiais

Now even if you hold yourself
I want you to get cured
From this person
Who advises you
There is a disconnection
See through this point of view
There are so many
Special people in the world
So many special
People in the world
In the world
All you want
All you want

Tudo o que quer me dar
Everything you want to give me
É demais
It's too much
É pesado
It's heavy
Não há paz
There's no peace
Tudo o que quer de mim
All you want from me
Irreais
Isn't real
Expectativas
That expectations
Desleais

Now we're falling
Falling, falling
Falling into the night
Into the night
Falling, falling, falling
Falling into the night
Um bom encontro é de dois
Now we're falling
Falling, falling
Falling into the night
Into the night
Falling, falling, falling
Falling into the night
",1.0,Waiting In Vain,reggae,24.0,https://p.scdn.co/mp3-preview/f24b06d19fcf5476be8d1aeb9b2d3a10fdf387f5?cid=b3cdb16d0df2409abf6a8f6c2f6c2e0c,0.0621,161.941,4.0,https://api.spotify.com/v1/tracks/4QA7CAHsB6XYHZvW6FQisT,track_83,1.0,spotify:track:4QA7CAHsB6XYHZvW6FQisT,0.509,track
0.00033,4IvMdTOYrnKv0a5edr6vVu,https://api.spotify.com/v1/audio-analysis/0ueQD7R66pzETMuAdKHKAc,['55VydwMyCuGcavwPuhutPL'],Dennis Brown,"['AD', 'AE', 'AR', 'AT', 'AU', 'BE', 'BG', 'BH', 'BO', 'BR', 'CA', 'CH', 'CL', 'CO', 'CR', 'CY', 'CZ', 'DE', 'DK', 'DO', 'DZ', 'EC', 'EE', 'EG', 'ES', 'FI', 'FR', 'GB', 'GR', 'GT', 'HK', 'HN', 'HU', 'ID', 'IE', 'IL', 'IN', 'IS', 'IT', 'JO', 'JP', 'KW', 'LB', 'LI', 'LT', 'LU', 'LV', 'MA', 'MC', 'MT', 'MX', 'MY', 'NI', 'NL', 'NO', 'NZ', 'OM', 'PA', 'PE', 'PH', 'PL', 'PS', 'PT', 'PY', 'QA', 'RO', 'SA', 'SE', 'SG', 'SK', 'SV', 'TH', 'TN', 'TR', 'TW', 'US', 'UY', 'VN', 'ZA']",BE,0.376,1.0,244680.0,0.944,https://api.spotify.com/v1/tracks/0ueQD7R66pzETMuAdKHKAc,0ueQD7R66pzETMuAdKHKAc,8.2e-05,1.0,0.185,-5.755,"

All revolutions are impossible until they happen. Then they become inevitable

It's not enough to kill the past, be blind to history
And all at once there's a black cloud coming made of gasoline
I see that you have set the price, made sure that nothing's free
One way to move forward is to learn who's stopping me

Yeah, this is the end, this is the end, calling for revolution
Yeah, this is the end, this is the end, calling for revolution
Burn, like a fire in the rain, like a fire in the rain
This is the end, this is the end, calling for revolution, yeah

We looked at the price tag, and it's one we can't afford
We were taught that progression means accumulating more
It's not to protect ourselves, so why are we at war?
And isn't it obvious we're adding up the score?

Yeah, this is the end, this is the end, calling for revolution
Yeah, this is the end, this is the end, calling for revolution
Burn, like a fire in the rain, like a fire in the rain
This is the end, this is the end, calling for revolution, yeah

I'll never turn my back on where I'm from
I'll never stop believing
I'll always love my home
But from that love I've noticed who's been burned
I've noticed who's still bleeding
It seems the fire has grown
So from now on I pledge allegiance
To a world that's so much different
No one suffers, everyone is free
Revolution starts with me
Revolution!  Revolution!
Calling for a revolution
Revolution! Revolution!
Calling for...
Yeah, this is the end, this is the end, calling for revolution
Yeah, this is the end, this is the end!
(This is the end)

Yeah, this is the end, this is the end, calling for revolution
Yeah, this is the end, this is the end, calling for revolution
Burn, like a fire in the rain, like a fire in the rain
This is the end, this is the end, calling for revolution, yeah
Calling for revolution, yeah
Calling for revolution

One of the things that's happened is that this movement has acquired an air of inevitability
",0.0,Revolution,reggae,47.0,https://p.scdn.co/mp3-preview/61b4be38ab42a52ff1b63c0a5a9e16ae6e25d528?cid=b3cdb16d0df2409abf6a8f6c2f6c2e0c,0.303,159.978,4.0,https://api.spotify.com/v1/tracks/0ueQD7R66pzETMuAdKHKAc,track_37,1.0,spotify:track:0ueQD7R66pzETMuAdKHKAc,0.156,track
0.41,2JcwQwy2KY3CEIzHUC30wG,https://api.spotify.com/v1/audio-analysis/0oCT5rVvMdPPUm0bxG7yzT,['0nAVvgfE9yI4DwvMiYwk8a'],Johnny Nash,"['AR', 'BO', 'BR', 'CL', 'CO', 'CR', 'DO', 'EC', 'GT', 'HN', 'MX', 'NI', 'PA', 'PE', 'PY', 'SV', 'US', 'UY']",BE,0.683,1.0,162653.0,0.53,https://api.spotify.com/v1/tracks/0oCT5rVvMdPPUm0bxG7yzT,0oCT5rVvMdPPUm0bxG7yzT,7.43e-05,2.0,0.06,-8.542,"
I can see clearly now the rain is gone
I can see all obstacles in my way
Gone are the dark clouds that had me blind
It's going to be a bright, bright sun shiny day
It's going to be a bright, bright sun shiny day
I can make it now the pain is gone
All of the bad feelings have disappeared
Here is that rainbow I've been praying for
It's going to to be a bright, bright sun shiny day
Look all around, there's nothing but blue skies
Look straight ahead, nothing but blue skies
I can see clearly now the rain is gone
I can see all obstacles in my way
Gone are the dark clouds that had me blind
It's going to be a bright, bright sun shiny day
It's going to be a bright, bright sun shiny day
",1.0,I Can See Clearly Now,reggae,52.0,https://p.scdn.co/mp3-preview/cb2ac8119e19b9552d54e0fb7f615bd834bc07ad?cid=b3cdb16d0df2409abf6a8f6c2f6c2e0c,0.0601,124.392,4.0,https://api.spotify.com/v1/tracks/0oCT5rVvMdPPUm0bxG7yzT,track_28,2.0,spotify:track:0oCT5rVvMdPPUm0bxG7yzT,0.579,track
0.229,0Ti29W5rhOp8ojKJ28SqtP,https://api.spotify.com/v1/audio-analysis/4SNxXAQ8QMlxLhYVX7nuoE,['6zJjuLyqniz4ilDlYIjiio'],Jacob Miller,"['AD', 'AE', 'AR', 'AT', 'AU', 'BE', 'BG', 'BH', 'BO', 'BR', 'CA', 'CH', 'CL', 'CO', 'CR', 'CY', 'CZ', 'DE', 'DK', 'DO', 'DZ', 'EC', 'EE', 'EG', 'ES', 'FI', 'FR', 'GB', 'GR', 'GT', 'HK', 'HN', 'HU', 'ID', 'IE', 'IL', 'IN', 'IS', 'IT', 'JO', 'JP', 'KW', 'LB', 'LI', 'LT', 'LU', 'LV', 'MA', 'MC', 'MT', 'MX', 'MY', 'NI', 'NL', 'NO', 'NZ', 'OM', 'PA', 'PE', 'PH', 'PL', 'PS', 'PT', 'PY', 'QA', 'RO', 'SA', 'SE', 'SG', 'SK', 'SV', 'TH', 'TN', 'TR', 'TW', 'US', 'UY', 'VN', 'ZA']",BE,0.888,1.0,154333.0,0.521,https://api.spotify.com/v1/tracks/4SNxXAQ8QMlxLhYVX7nuoE,4SNxXAQ8QMlxLhYVX7nuoE,0.0,4.0,0.0794,-6.845,"

R-iii-ight-oh!
Hear dem say...ah ah ah!
Dreadlocks can't live in a...tenement
Dreadlocks can't live in a tenement yard
Dreadlocks can't live in a tenement yard
Too much su-su su-su su-su, too much watchie watchie you
Too much su-su su-su su-su, too much watchie what you are
Dreadlocks can't live in a tenement yard
Dreadlocks can't live in a tenement yard
Too much su-su su-su su-su, too much watchie watchie
Too much su-su su-su su-su, too much watchie wah
Dreadlocks can't live in privacy
Anything him do, old nigga see
Too much watchie watchie watchie, too much su-su su-su su
Too much watchie watchie watchie, too much su-su su-su su
Dreadlocks can't smoke him pipe in peace
Too much informers and too much fears
Too much watchie watchie watchie, too much su-su su-su su
Too much watchie watchie watchie, too much su-su su-su su
Dreadlocks can't live in a tenement yard
Dreadlocks can't live in a tenement yard
Can't penetrate, inna tenement yard
Can't penetrate inna tenement yard
Ski-ski bo-ow
Dreadlocks can't live in a tenement yard
Dreadlocks can't live in a tenement yard
Too much su-su su-su su-su, too much watchie watchie wah
Too much su-su su-su su-su, too much watchie watchie wah
Dreadlocks can't penetrate the rent man
All him a do is sell Jah Jah land
Too much watchie watchie watchie, too much su-su su-su
Can't penetrate in a tenement yard
Can't penetrate in a tenement yard
Dreadlocks can't lick him pipe in peace
Too much informers and too much fears
Too much watchie watchie watchie, too much su-su su-su su
Too much watchie watchie watchie, too much su-su su-su
Can't I-ditate in a tenement yard
Can't I-ditate in a tenement yard
Dreadlocks can't lick him pipe in peace
Too much Babylon and too much laws
Too much....
Too much informer.....
",1.0,Tenement Yard,reggae,56.0,https://p.scdn.co/mp3-preview/582ef979e5082c55d91804cb66bbe1b99fa4e7cc?cid=b3cdb16d0df2409abf6a8f6c2f6c2e0c,0.306,143.879,4.0,https://api.spotify.com/v1/tracks/4SNxXAQ8QMlxLhYVX7nuoE,track_24,9.0,spotify:track:4SNxXAQ8QMlxLhYVX7nuoE,0.962,track
0.604,1z8A6cocNi7jSr437sCilU,https://api.spotify.com/v1/audio-analysis/5jla2fhvErKAiUHG3fnRuv,['0UmBaQJflaHddKtf1lrA6F'],Dennis Brown,"['AD', 'AE', 'AR', 'AT', 'AU', 'BE', 'BG', 'BH', 'BO', 'BR', 'CA', 'CH', 'CL', 'CO', 'CR', 'CY', 'CZ', 'DE', 'DK', 'DO', 'DZ', 'EC', 'EE', 'EG', 'ES', 'FI', 'FR', 'GB', 'GR', 'GT', 'HK', 'HN', 'HU', 'ID', 'IE', 'IL', 'IN', 'IS', 'IT', 'JO', 'JP', 'KW', 'LB', 'LI', 'LT', 'LU', 'LV', 'MA', 'MC', 'MT', 'MX', 'MY', 'NI', 'NL', 'NO', 'NZ', 'OM', 'PA', 'PE', 'PH', 'PL', 'PS', 'PT', 'PY', 'QA', 'RO', 'SA', 'SE', 'SG', 'SK', 'SV', 'TH', 'TN', 'TR', 'TW', 'US', 'UY', 'VN', 'ZA']",BE,0.742,1.0,228867.0,0.45,https://api.spotify.com/v1/tracks/5jla2fhvErKAiUHG3fnRuv,5jla2fhvErKAiUHG3fnRuv,0.0,0.0,0.107,-13.333,"

Money in my pocket
But I just can't get no love
Money in my pocket
But I just can't get no love
I'm praying for a girl to be my own

Sonya said she's coming
But I don't believe a word she says
‘Cause she run away and left me one rainy day
She made me had in mind
That her love would never die
And now I'm alone, yeah, so alone
So alone, yeah, yeah, yeah

Money in my pocket
But I just can't get no love, oh no
Money in my pocket
But I just can't get no love
The love I had in mind
Was very, very hard to find, oh

It's hard for a man to live without a woman (yeah)
And a woman needs a man to cling to
You see what love can do
After making me feel blue
Ain't that a shame? Yeah, woah, baby
Ain't that a shame? Yeah
To make me feel blue, woah, yeah

I have got money in my pocket
Woah yeah

Money in my pocket
But I just can't get no love, oh no
Money in my pocket
But I just can't get no love
The love I had in mind
Was very, very hard to find, oh

It's hard for a man to live without a woman (yeah)
And a woman needs a man to cling to
You see what love can do
After making me feel blue
Ain't that a shame? Yeah, woah, baby
Ain't that a shame? Yeah
To make me feel blue, woah, yeah

Money in my pocket
But I just can't get no love, oh no
Money in my pocket
But I just can't get no love
The love I had in mind
Was very, very hard to find, oh
",1.0,Money In My Pocket,reggae,43.0,https://p.scdn.co/mp3-preview/7557632463bde5615378baea60f6f64b886a44d7?cid=b3cdb16d0df2409abf6a8f6c2f6c2e0c,0.0569,137.914,4.0,https://api.spotify.com/v1/tracks/5jla2fhvErKAiUHG3fnRuv,track_1,12.0,spotify:track:5jla2fhvErKAiUHG3fnRuv,0.964,track
0.057,6qPG09ioBMVTcgJSZpuCY8,https://api.spotify.com/v1/audio-analysis/0czsQ1YOT71kdVfyFoTy3U,['6UL7BodGc5iVmQGlMwHR0g'],Steel Pulse,"['AD', 'AE', 'AR', 'AT', 'AU', 'BE', 'BG', 'BH', 'BO', 'BR', 'CA', 'CH', 'CL', 'CO', 'CR', 'CY', 'CZ', 'DE', 'DO', 'DZ', 'EC', 'EE', 'EG', 'ES', 'FR', 'GR', 'GT', 'HK', 'HN', 'HU', 'ID', 'IE', 'IL', 'IT', 'JO', 'JP', 'KW', 'LB', 'LI', 'LT', 'LU', 'LV', 'MA', 'MC', 'MT', 'MX', 'MY', 'NI', 'NL', 'NZ', 'OM', 'PA', 'PE', 'PH', 'PL', 'PS', 'PT', 'PY', 'QA', 'RO', 'SA', 'SG', 'SK', 'SV', 'TH', 'TN', 'TR', 'TW', 'US', 'UY', 'VN', 'ZA']",BE,0.707,1.0,222600.0,0.716,https://api.spotify.com/v1/tracks/0czsQ1YOT71kdVfyFoTy3U,0czsQ1YOT71kdVfyFoTy3U,4.25e-06,10.0,0.36,-8.962,"
Your love is a life for I
Realized that so much
When I first met you
That was some time ago oh
From then until this
Resist no no no close to you
Oh yes right from the start
Oh no no no could never part
Oh I hear from that thought
CHORUS
I wanna live in your house
I wanna live in your house
You say dry your _ nose
Wipe that tear drop from your... eye
Was in a little situation
Came with a solution
Was a revelation to hear
Triumphant calling
Triumphant trumpets
SCAT
Spap spa da dap pap spa spa
CHORUS
I wanna live in your house
I wanna live in your house
Oh I no hear
Too much for what some say
Cause at the close of the day
They'll be so far away
But then I know
One things for certain
Came at the closing of the
Woo oh oh oh
Yes, I know one thing for certain
You'll be there you'll be there
It was you
That raise the flag above I head
Once when I was once when I was
In a little situation
Came with a, came with a solution
Was a revelation to hear
Triumphant calling
Triumphant trumpets
CHORUS
I wanna live in your house
I wanna live in your house
To make I home
To make I home yeh
I wanna live
",0.0,Your House,reggae,57.0,https://p.scdn.co/mp3-preview/966f95a1cf12febe0e63b2110f5666deefb56427?cid=b3cdb16d0df2409abf6a8f6c2f6c2e0c,0.0879,154.118,4.0,https://api.spotify.com/v1/tracks/0czsQ1YOT71kdVfyFoTy3U,track_29,8.0,spotify:track:0czsQ1YOT71kdVfyFoTy3U,0.966,track
0.283,4IbVhxPA067Yjrw58k4b6j,https://api.spotify.com/v1/audio-analysis/6m7Qw8yfMx9zyKeFJED1ii,"['0ijmTKTGsjqOXfL5mWgUXC', '2vz513fFOvrrkuISQd1CYG', '4E9dumwOMLlTyXUp1i2WdI', '6Ue43V2BLBf0sU9118kzcD']",Shaggy,"['AD', 'AE', 'AR', 'AT', 'AU', 'BE', 'BG', 'BH', 'BO', 'BR', 'CA', 'CH', 'CL', 'CO', 'CR', 'CY', 'CZ', 'DE', 'DK', 'DO', 'DZ', 'EC', 'EE', 'EG', 'ES', 'FI', 'FR', 'GB', 'GR', 'GT', 'HK', 'HN', 'HU', 'ID', 'IE', 'IL', 'IN', 'IS', 'IT', 'JO', 'JP', 'KW', 'LB', 'LI', 'LT', 'LU', 'LV', 'MA', 'MC', 'MT', 'MX', 'MY', 'NI', 'NL', 'NO', 'NZ', 'OM', 'PA', 'PE', 'PH', 'PL', 'PS', 'PT', 'PY', 'QA', 'RO', 'SA', 'SE', 'SG', 'SK', 'SV', 'TH', 'TN', 'TR', 'TW', 'US', 'UY', 'VN', 'ZA']",FI,0.652,1.0,192966.0,0.666,https://api.spotify.com/v1/tracks/6m7Qw8yfMx9zyKeFJED1ii,6m7Qw8yfMx9zyKeFJED1ii,5.31e-06,1.0,0.0922,-7.92,"

I don't wanna lie, can we be honest?
Right now while you're sitting on my chest
I don't know what I'd do without your comfort
If you really go first, if you really left

I don't know if I would be alive today
With or without you like night and day
Read and repeat every conversation
Being with you, everyday is a Saturday
But every Sunday you've got me praying

Don't you ever leave me, don't you ever go
I've seen it on TV, I know how it goes
Even when you're angry, even when I'm cold
Don't you ever leave me, don't leave me alone

Don't leave me a...

Ah, ah, alone
Ah, ah, ha
Ah, ah, alone
Ah, ah, ha

I don't wanna call and you not answer
Never see your face light up my phone
Never see you singing ""Tiny Dancer""
Everytime my head hurts, everytime I'm low

'Cause I don't know if I would be alive today
With or without you like night and day
Everything about you uncomplicated
Here with you, everyday is a Saturday
But every Sunday, you've got me praying

Don't you ever leave me, don't you ever go
I've seen it on TV, I know how it goes
Even when you're angry, even when I'm cold
Don't you ever leave me, don't leave me alone

Don't leave me a...

Ah, ah, alone
Ah, ah, ha
Ah, ah, alone
Ah, ah, ha (make me, alo..)

Don't you ever leave me
Don't you ever go
Don't you ever leave me
No, oh

Don't you ever leave me, don't you ever go
I've seen it on TV, I know how it goes
Even when you're angry, even when I'm cold
Don't you ever leave me, don't leave me alone
Don't you ever leave me, don't you ever go
I've seen it on TV, I know how it goes
Even when you're angry, even when I'm cold
Don't you ever leave me, don't leave me alone

Even when you're angry, even when I'm cold
Don't you ever leave me, don't leave me alone
",1.0,Angel,reggae,39.0,https://p.scdn.co/mp3-preview/60c936f52d455be695ceff6a667c67d3b50bdf10?cid=b3cdb16d0df2409abf6a8f6c2f6c2e0c,0.0469,107.918,4.0,https://api.spotify.com/v1/tracks/6m7Qw8yfMx9zyKeFJED1ii,track_20,1.0,spotify:track:6m7Qw8yfMx9zyKeFJED1ii,0.333,track
0.202,4IIfIS47aChs97w8hrgCcY,https://api.spotify.com/v1/audio-analysis/04v8VFmiOXN0tlTihyPEp7,"['7FnZWGw9lwOr7WzieTKEPR', '5wdQ2IkL8WASlcyt0x2s8Q']",Bob Marley,"['AD', 'AE', 'AR', 'AT', 'AU', 'BE', 'BG', 'BH', 'BO', 'BR', 'CA', 'CH', 'CL', 'CO', 'CR', 'CY', 'CZ', 'DE', 'DK', 'DO', 'DZ', 'EC', 'EE', 'EG', 'ES', 'FI', 'FR', 'GB', 'GR', 'GT', 'HK', 'HN', 'HU', 'ID', 'IE', 'IL', 'IN', 'IS', 'IT', 'JO', 'JP', 'KW', 'LB', 'LI', 'LT', 'LU', 'LV', 'MA', 'MC', 'MT', 'MX', 'MY', 'NI', 'NL', 'NO', 'NZ', 'OM', 'PA', 'PE', 'PH', 'PL', 'PS', 'PT', 'PY', 'QA', 'RO', 'SA', 'SE', 'SG', 'SK', 'SV', 'TH', 'TN', 'TR', 'TW', 'US', 'UY', 'VN', 'ZA']",BE,0.76,1.0,194630.0,0.55,https://api.spotify.com/v1/tracks/04v8VFmiOXN0tlTihyPEp7,04v8VFmiOXN0tlTihyPEp7,1.56e-06,7.0,0.241,-4.862,"
Zion lion zion lion lion
I am on the rock and then I check a stock
I have to run like a fugitive to save the life I live
I'm gonna be Iron like a Lion in Zion
I'm gonna be Iron like a Lion in Zion
Zion lion zion lion
Zion lion zion lion lion
I'm on the run but I ain't got no gun
See they want to be the star
So they fighting tribal war
And they saying Iron like a Lion in Zion
And they sayingIron like a Lion in Zion
Iron Lion Zion
Zion lion zion lion lion
I'm on the rock, (running and you running)
I take a stock, (running like a fugitive)
I had to run like a fugitive just to save the life I live
I'm gonna be Iron like a Lion in Zion
I'm gonna be Iron like a Lion in Zion
Iron Lion Zion, Iron Lion Zion, Iron Lion Zion
Iron like a Lion in Zion, Iron like a Lion in Zion
Iron lion Zion
Iron like a Lion in Zion
Iron like a Lion in Zion
Iron lion Zion
Iron lion Zion
Iron like a Lion in Zion
",1.0,Iron Lion Zion,reggae,45.0,https://p.scdn.co/mp3-preview/98abd2193717c7d2ef3c054c93a414f9ee8eb0a8?cid=b3cdb16d0df2409abf6a8f6c2f6c2e0c,0.0555,141.903,4.0,https://api.spotify.com/v1/tracks/04v8VFmiOXN0tlTihyPEp7,track_3,3.0,spotify:track:04v8VFmiOXN0tlTihyPEp7,0.871,track
0.188,7mtdUrBCYLJpUVbGIAZvf3,https://api.spotify.com/v1/audio-analysis/18GLelA5vVdzd9X7WGPmJ8,['1FcB6xMihhP9Hb6AdGVbWe'],Desmond Dekker,"['AD', 'AE', 'AR', 'AT', 'AU', 'BE', 'BG', 'BH', 'BO', 'BR', 'CA', 'CH', 'CL', 'CO', 'CR', 'CY', 'CZ', 'DE', 'DK', 'DO', 'DZ', 'EC', 'EE', 'EG', 'ES', 'FI', 'FR', 'GB', 'GR', 'GT', 'HK', 'HN', 'HU', 'ID', 'IE', 'IL', 'IS', 'IT', 'JO', 'JP', 'KW', 'LB', 'LI', 'LT', 'LU', 'LV', 'MA', 'MC', 'MT', 'MX', 'MY', 'NI', 'NL', 'NO', 'NZ', 'OM', 'PA', 'PE', 'PH', 'PL', 'PS', 'PT', 'PY', 'QA', 'RO', 'SA', 'SE', 'SG', 'SK', 'SV', 'TH', 'TN', 'TR', 'TW', 'US', 'UY', 'VN', 'ZA']",FI,0.793,1.0,155987.0,0.41,https://api.spotify.com/v1/tracks/18GLelA5vVdzd9X7WGPmJ8,18GLelA5vVdzd9X7WGPmJ8,0.0,10.0,0.0855,-10.662,"
Get up in the morning, slaving for bread, sir
So that every mouth can be fed
Poor, poor me, Israelites. Aah
Get up in the morning, slaving for bread, sir
So that every mouth can be fed
Poor me, the Israelite
My wife and my kids, they packed up and leave me
Darling, she said, ""I was yours to be seen""
Poor me, the Israelite
Shirt them a-tear up, trousers are gone
I don't want to end up like Bonnie and Clyde
Poor me, the Israelite
After a storm there must be a calm
They catch me in the farm
You sound your alarm
Poor a-poor a-poor me, the Israelite

I said I get up in the morning, slaving for bread, sir
So that every mouth can be fed
Poor me, Israelite. Aah
I said my wife and my kids, they are packed up and leave me
Darling, she said, I was yours to be seen
Poor me, Israelites. Aah
Look Me shirts them a-tear up, trousers are gone
I don't want to end up like Bonnie and Clyde
A-poor a-poor me, Israelites. Aah
After a storm there must be a calm
They catch me in the farm
You sound your alarm
Poor me, Israelite
A-poor a-poor a-poor me, Israelites. Aah
Poor me, Israelite
Poor me, Israelite
",1.0,Israelites,reggae,49.0,https://p.scdn.co/mp3-preview/994e4b3d1d3908eaf6f6c28c8de339719bdf3e36?cid=b3cdb16d0df2409abf6a8f6c2f6c2e0c,0.0511,146.467,4.0,https://api.spotify.com/v1/tracks/18GLelA5vVdzd9X7WGPmJ8,track_11,28.0,spotify:track:18GLelA5vVdzd9X7WGPmJ8,0.931,track
0.624,3KbC2PqMhUfvCiMXqU2Kbp,https://api.spotify.com/v1/audio-analysis/28SKEi3NKRYoDO44vea0ws,['6ZFv3wQwwWPiVDWhv0mjQK'],Toots and the Maytals,"['AD', 'AE', 'AR', 'AT', 'AU', 'BE', 'BG', 'BH', 'BO', 'BR', 'CA', 'CH', 'CL', 'CO', 'CR', 'CY', 'CZ', 'DE', 'DK', 'DO', 'DZ', 'EC', 'EE', 'EG', 'ES', 'FI', 'FR', 'GB', 'GR', 'GT', 'HK', 'HN', 'HU', 'ID', 'IE', 'IL', 'IS', 'IT', 'JO', 'JP', 'KW', 'LB', 'LI', 'LT', 'LU', 'LV', 'MA', 'MC', 'MT', 'MX', 'MY', 'NI', 'NL', 'NO', 'NZ', 'OM', 'PA', 'PE', 'PH', 'PL', 'PS', 'PT', 'PY', 'QA', 'RO', 'SA', 'SE', 'SG', 'SK', 'SV', 'TH', 'TN', 'TR', 'TW', 'US', 'UY', 'VN', 'ZA']",BE,0.629,1.0,176213.0,0.713,https://api.spotify.com/v1/tracks/28SKEi3NKRYoDO44vea0ws,28SKEi3NKRYoDO44vea0ws,0.0,8.0,0.059,-4.642,"
(You've gotta walk) Don't look back
If it's love that you're running from
There is no hiding place
Just your problems, no one else's problems
You just have to face
If you just put your hand in mine
We're gonna leave all our troubles behind
Gonna walk and don't look back
Gonna walk and don't look back
Now if your first lover let you down
There's something that can be done
Don't kill your faith in love
Remembering what's become
If you just put your hand in mine
We're gonna leave all our troubles behind
Gonna walk and don't look back
Gonna walk and don't look back
Places behind you
There to remind you
Now if your first lover let you down
There's something that can be done
Gonna heal your faith in love
Remembering what's been done
If you just put your hand in mine
We're gonna leave all our troubles behind
Gonna walk and don't look back
Gonna walk and don't look back
How far you been walkin' now
About 100 miles
You still got some more to walk
I know, I got a little more to go
I'm gettin' kind of tired but I got to keep on walkin'
I'm walkin' barefoot
You've got to walk and don't look back
",1.0,Pressure Drop,reggae,46.0,https://p.scdn.co/mp3-preview/8332ab9ceaa4642a9550bc63860e2fc49442e139?cid=b3cdb16d0df2409abf6a8f6c2f6c2e0c,0.037,146.265,4.0,https://api.spotify.com/v1/tracks/28SKEi3NKRYoDO44vea0ws,track_7,1.0,spotify:track:28SKEi3NKRYoDO44vea0ws,0.982,track
0.162,5gzIebFHMgPW1jmPXDT0BB,https://api.spotify.com/v1/audio-analysis/0EWiQ9MnQZ4BDUJgv0ahbc,['5mMuiFhh7faS7qxnTLRA6u'],Barrington Levy,"['AD', 'AT', 'BE', 'BG', 'CH', 'CZ', 'DE', 'DK', 'EE', 'ES', 'FI', 'FR', 'GB', 'GR', 'HU', 'IE', 'IS', 'IT', 'LI', 'LT', 'LU', 'LV', 'MC', 'MT', 'NL', 'NO', 'PL', 'PT', 'RO', 'SE', 'SK']",FI,0.776,1.0,190493.0,0.572,https://api.spotify.com/v1/tracks/0EWiQ9MnQZ4BDUJgv0ahbc,0EWiQ9MnQZ4BDUJgv0ahbc,6.94e-06,0.0,0.325,-8.416,"
Oh whoaaaaaaa...Seet
Whoaaaaaaa
After mi stand up round volcano sound & a bun mi ganja pipe
Babylon come & tell mi dat nuh right
Mi sey mi bun it & pass it on the right
Mi sey dem come in & dem look pan Danny Dread
Dem sey: Ey nattydreadlocks a wey yu come from
...you muss have two stick a sensi unda you tam
Mi sey: no officer, yu muss be mad
...he only smoke cigarette & strictly shag
Oh whoaaaaaaa...Seet
Whoaaaaaaa
Unda mi sensi, mi unda mi sensi
Unda mi sensi, mi unda mi sensi
Unda mi sensi, mi unda mi sensi
Unda mi sensi, mi unda mi sensi
Oh whoaaaaaaa... Seet
Whoaaaaaaa
All ova me, babylon juss all ova me
All ova me, babylon juss all ova me
Dem nuh ramp wid me, a strictly sensi
All ova me, babylon juss all ova me
Oh noooooooooooooo
Oh Noooooooooooooo...Seet
All ova me, babylon juss all ova me
All ova me, babylon juss all ova me
All ova me, wickedman juss all ova me
Oh noooooooooooooo...Seet
Oh whoaaaaa
Ey babylon, yu nuh like ganja man
But a we bring i foreign currency pan di island
Du babylon, nuh badda charge mi sah
Du babylon, nuh badda charge mi sah
One butt on my lip, a peer blood mi start spit
Du babylon, nuh badda charge mi sah
Oh noooooooooooooo...Seet
Oh whoaaaaa
All ova me, babylon juss all ova me
All ova me, babylon juss all ova me
All ova me, wickedman juss all ova me
Oh noooooooooooooo...Seet
Oh whoaaaaa
Ey babylon, yu nuh like ganja man
But a we bring i foreign currency pan di island
Ey babylon, yu nuh like ganja man
But a we bring i foreign currency pan di island
Oh whoaaaaaaa... Seet
Whoaaaaaaa
Stand up round volcano sound & a bun mi ganja pipe
Babylon come & tell mi dat nuh right
Mi sey mi bun it & pass it on the right
",1.0,Under Mi Sensi,reggae,37.0,https://p.scdn.co/mp3-preview/8075acef58393c9b153fd792665bd8f676466375?cid=b3cdb16d0df2409abf6a8f6c2f6c2e0c,0.107,151.111,4.0,https://api.spotify.com/v1/tracks/0EWiQ9MnQZ4BDUJgv0ahbc,track_22,5.0,spotify:track:0EWiQ9MnQZ4BDUJgv0ahbc,0.487,track
0.128,5Up8MjtHf71WW4vnVqyb1g,https://api.spotify.com/v1/audio-analysis/605ZHoLZx7PtQ8fXgvN10K,['0oea1hwGMfUxZbLxJc1XUN'],Peter Tosh,"['AD', 'AE', 'AR', 'AT', 'AU', 'BE', 'BG', 'BH', 'BO', 'BR', 'CA', 'CH', 'CL', 'CO', 'CR', 'CY', 'CZ', 'DE', 'DK', 'DO', 'DZ', 'EC', 'EE', 'EG', 'ES', 'FI', 'FR', 'GB', 'GR', 'GT', 'HK', 'HN', 'HU', 'ID', 'IE', 'IL', 'IN', 'IS', 'IT', 'JO', 'JP', 'KW', 'LB', 'LI', 'LT', 'LU', 'LV', 'MA', 'MC', 'MT', 'MX', 'MY', 'NI', 'NL', 'NO', 'NZ', 'OM', 'PA', 'PE', 'PH', 'PL', 'PS', 'PT', 'PY', 'QA', 'RO', 'SA', 'SE', 'SG', 'SK', 'SV', 'TH', 'TN', 'TR', 'TW', 'US', 'UY', 'VN', 'ZA']",BE,0.701,1.0,278872.0,0.784,https://api.spotify.com/v1/tracks/605ZHoLZx7PtQ8fXgvN10K,605ZHoLZx7PtQ8fXgvN10K,0.0,0.0,0.0713,-7.212,"

Legalize it
And don't criticize it
Legalize it, yeah, yeah
And I will advertise it

Some call it tampje
Tampje
Some call it the weed
The weed
Some call it marijuana
Marijuana
Some of them call it ganja
Ganja

Legalize it
And don't criticize it
Legalize it, yeah, yeah
And I will advertise it

Singers smoke it
And players of instrument too
Legalize it, yeah, yeah
That's the best thing you can do
Doctors smoke it
Nurses smoke it
Judges smoke it
Even the lawyer do
So you got to...

Legalize it
And don't criticize it
Legalize it, yeah, yeah
And I will advertise it

It's good for the flu
Good for asthma
Good for tuberculosis
Even umara composis

Got to legalize it
And don't criticize it
Legalize it, yeah, yeah
And I will advertise it

Bird eat it
Ants love it
Fowls eat it
Goats love to play with it so...

You got to legalize it
And don't criticize it
Legalize it, yeah, yeah
And I will advertise it
",1.0,Legalize It,reggae,57.0,https://p.scdn.co/mp3-preview/cf5b2e9ef8eed6cf74d79d5bc12aecb7f1dedfeb?cid=b3cdb16d0df2409abf6a8f6c2f6c2e0c,0.204,145.249,4.0,https://api.spotify.com/v1/tracks/605ZHoLZx7PtQ8fXgvN10K,track_3,4.0,spotify:track:605ZHoLZx7PtQ8fXgvN10K,0.712,track
0.693,7q8KGVfLhu54RUL9QusJ3I,https://api.spotify.com/v1/audio-analysis/2jQQJgvmr8fmTsWULa2pct,['3rJ3m1tM6vUgiWLjfV8sRf'],Jimmy Cliff,"['AD', 'AE', 'AR', 'AT', 'AU', 'BE', 'BG', 'BH', 'BO', 'BR', 'CA', 'CH', 'CL', 'CO', 'CR', 'CY', 'CZ', 'DE', 'DK', 'DO', 'DZ', 'EC', 'EE', 'EG', 'ES', 'FI', 'FR', 'GB', 'GR', 'GT', 'HK', 'HN', 'HU', 'ID', 'IE', 'IL', 'IN', 'IS', 'IT', 'JO', 'JP', 'KW', 'LB', 'LI', 'LT', 'LU', 'LV', 'MA', 'MC', 'MT', 'MX', 'MY', 'NI', 'NL', 'NO', 'NZ', 'OM', 'PA', 'PE', 'PH', 'PL', 'PS', 'PT', 'PY', 'QA', 'RO', 'SA', 'SE', 'SG', 'SK', 'SV', 'TH', 'TN', 'TR', 'TW', 'US', 'UY', 'VN', 'ZA']",BE,0.388,1.0,161133.0,0.297,https://api.spotify.com/v1/tracks/2jQQJgvmr8fmTsWULa2pct,2jQQJgvmr8fmTsWULa2pct,0.194,5.0,0.134,-13.68,"
Many rivers to cross
But I can't seem to find my way over
Wandering I am lost as I travel along
The white cliffs of Dover
Many rivers to cross and it's only my will
That keeps me alive
I've been licked, washed up for years and
I merely survive because of my pride
And this loneliness won't leave me alone
It's such a drag to be on your own
My woman left and she didn't say why
Well I guess I have to try
Many rivers to cross but just where to begin
I'm playing for time
There'll be times I find myself thinking
Of committing some dreadful crime
I've got many rivers to cross
But I can't seem to find my way over
Wandering I am lost as I travel along
The white cliffs of Dover
Many rivers to cross and it's only my will
That keeps me alive
I've been licked, washed up for years and
I merely survive because of my pride
",1.0,Many Rivers To Cross,reggae,38.0,https://p.scdn.co/mp3-preview/57131ea17256b2b6525a2242d7026268dfa94ba0?cid=b3cdb16d0df2409abf6a8f6c2f6c2e0c,0.0721,139.784,4.0,https://api.spotify.com/v1/tracks/2jQQJgvmr8fmTsWULa2pct,track_4,7.0,spotify:track:2jQQJgvmr8fmTsWULa2pct,0.232,track
0.566,0AblfKOKyR8WmLvkE5Xx2F,https://api.spotify.com/v1/audio-analysis/2jyfk9fine86lnvW997j9J,['0PFtn5NtBbbUNbU9EAmIWF'],Bob Marley,"['AD', 'AE', 'AR', 'AT', 'AU', 'BE', 'BG', 'BH', 'BO', 'BR', 'CA', 'CH', 'CL', 'CO', 'CR', 'CY', 'CZ', 'DE', 'DK', 'DO', 'DZ', 'EC', 'EE', 'EG', 'ES', 'FI', 'FR', 'GB', 'GR', 'GT', 'HK', 'HN', 'HU', 'ID', 'IE', 'IL', 'IN', 'IS', 'IT', 'JO', 'JP', 'KW', 'LB', 'LI', 'LT', 'LU', 'LV', 'MA', 'MC', 'MT', 'MX', 'MY', 'NI', 'NL', 'NO', 'NZ', 'OM', 'PA', 'PE', 'PH', 'PL', 'PS', 'PT', 'PY', 'QA', 'RO', 'SA', 'SE', 'SG', 'SK', 'SV', 'TH', 'TN', 'TR', 'TW', 'US', 'UY', 'VN', 'ZA']",BE,0.634,1.0,261440.0,0.567,https://api.spotify.com/v1/tracks/2jyfk9fine86lnvW997j9J,2jyfk9fine86lnvW997j9J,3.78e-05,9.0,0.0672,-8.184,"

I hear the drums echoing tonight
But she hears only whispers of some quiet conversation
She's coming in, 12:30 flight
The moonlit wings reflect the stars that guide me towards salvation
I stopped an old man along the way
Hoping to find some old forgotten words or ancient melodies
He turned to me as if to say
""Hurry boy, it's waiting there for you""

It's gonna take a lot to drag me away from you
There's nothing that a hundred men or more could ever do
I bless the rains down in Africa
Gonna take some time to do the things we never had

The wild dogs cry out in the night
As they grow restless longing for some solitary company
I know that I must do what's right
As sure as Kilimanjaro rises like Olympus above the Serengeti
I seek to cure what's deep inside
Frightened of this thing that I've become

It's gonna take a lot to drag me away from you
There's nothing that a hundred men or more could ever do
I bless the rains down in Africa
Gonna take some time to do the things we never had

Hurry boy, she's waiting there for you

It's gonna take a lot to drag me away from you
There's nothing that a hundred men or more could ever do
I bless the rains down in Africa
I bless the rains down in Africa
I bless the rains down in Africa
I bless the rains down in Africa
I bless the rains down in Africa
Gonna take some time to do the things we never had
",1.0,Africa,reggae,42.0,https://p.scdn.co/mp3-preview/829030ffa17d0b59231ca40df12fcfc95f8e8a6a?cid=b3cdb16d0df2409abf6a8f6c2f6c2e0c,0.0427,92.212,4.0,https://api.spotify.com/v1/tracks/2jyfk9fine86lnvW997j9J,track_1,2.0,spotify:track:2jyfk9fine86lnvW997j9J,0.7,track
0.385,0wCdbFPQEMJLUxvrDhMgDY,https://api.spotify.com/v1/audio-analysis/2LZWEKYD2W5Bd4cPwfzuC2,"['0ynKD5JYcp1pd9zLLqGzt0', '5ysQlIaKJnMqj5haxYpKpN']",Buju Banton,"['AD', 'AE', 'AR', 'AT', 'AU', 'BE', 'BG', 'BH', 'BO', 'BR', 'CA', 'CH', 'CL', 'CO', 'CR', 'CY', 'CZ', 'DE', 'DK', 'DO', 'DZ', 'EC', 'EE', 'EG', 'ES', 'FI', 'FR', 'GB', 'GR', 'GT', 'HK', 'HN', 'HU', 'ID', 'IE', 'IL', 'IN', 'IS', 'IT', 'JO', 'JP', 'KW', 'LB', 'LI', 'LT', 'LU', 'LV', 'MA', 'MC', 'MT', 'MX', 'MY', 'NI', 'NL', 'NO', 'NZ', 'OM', 'PA', 'PE', 'PH', 'PL', 'PS', 'PT', 'PY', 'QA', 'RO', 'SA', 'SE', 'SG', 'SK', 'SV', 'TH', 'TN', 'TR', 'TW', 'US', 'UY', 'VN', 'ZA']",FI,0.96,1.0,296912.0,0.369,https://api.spotify.com/v1/tracks/2LZWEKYD2W5Bd4cPwfzuC2,2LZWEKYD2W5Bd4cPwfzuC2,6.27e-05,8.0,0.0771,-12.248,"

Oh, how deep the Father's love
Written in the sun and stars
Here below and far above
By the beauty of His heart
Blooming with eternal hope
In this garden we call, ""Home""
Oh, how deep the Father's love
How deep His love for us

Oh, how kind the Savior's heart
Word from Word and Light from Light
Came into our wilderness
Broke the bread and shared His life
Silenced hate with cross and thorn
In His pain He loved us more
Oh, how kind the Savior's heart
How kind His heart for us

Oh-ohh-oh-ohh
Oh-ohh-oh-ohh
Oh-ohh-oh-ohh
Oh-ohh-oh-ohh
Oh-ohh-oh-ohh
Oh-ohh-oh-ohh
Oh-ohh-oh-ohh
Oh-ohh-oh-ohh

Oh, how true the Spirit guides
Gift of God for all His own
Dear Companion be our light
Let us never walk alone
Gently fall and kindly lead
Help us in our unbelief
Oh, how true the Spirit guides
How true You guide us all
",0.0,Champion,reggae,16.0,https://p.scdn.co/mp3-preview/1fdcf8e491df5464017012a051473a8de2748a63?cid=b3cdb16d0df2409abf6a8f6c2f6c2e0c,0.249,130.011,4.0,https://api.spotify.com/v1/tracks/2LZWEKYD2W5Bd4cPwfzuC2,track_12,1.0,spotify:track:2LZWEKYD2W5Bd4cPwfzuC2,0.812,track
0.947,2jg7PvepCK9V7MyWM7pvzr,https://api.spotify.com/v1/audio-analysis/6yIHGmQLJxWAUZ1ZkENemN,['5cKlE8f6b26h61Ml7m052Q'],UB40,"['AD', 'AE', 'AR', 'AT', 'AU', 'BE', 'BG', 'BH', 'BO', 'BR', 'CA', 'CH', 'CL', 'CO', 'CR', 'CY', 'CZ', 'DE', 'DK', 'DO', 'DZ', 'EC', 'EE', 'EG', 'ES', 'FI', 'FR', 'GB', 'GR', 'GT', 'HK', 'HN', 'HU', 'ID', 'IE', 'IL', 'IN', 'IS', 'IT', 'JO', 'JP', 'KW', 'LB', 'LI', 'LT', 'LU', 'LV', 'MA', 'MC', 'MT', 'MX', 'MY', 'NI', 'NL', 'NO', 'NZ', 'OM', 'PA', 'PE', 'PH', 'PL', 'PS', 'PT', 'PY', 'QA', 'RO', 'SA', 'SE', 'SG', 'SK', 'SV', 'TH', 'TN', 'TR', 'TW', 'US', 'UY', 'VN', 'ZA']",AR,0.41,1.0,173175.0,0.0485,https://api.spotify.com/v1/tracks/6yIHGmQLJxWAUZ1ZkENemN,6yIHGmQLJxWAUZ1ZkENemN,0.0,0.0,0.108,-13.918,"

Wise men say only fools rush in
But I can't help falling in love with you
Oh, shall I stay? Would it be a sin?
Oh, if I can't help falling in love with you

Woah like a river flows surely to the sea
Darling so it goes, some things are meant to be
Woah, take my hand, take my whole life too
For I can't help falling in love with you
Oh, for I can't help falling in love with you
",1.0,Can't Help Falling in Love,reggae,77.0,https://p.scdn.co/mp3-preview/de4980f22292880edbd6a69c62d4e8a9a1e0207b?cid=b3cdb16d0df2409abf6a8f6c2f6c2e0c,0.038,137.97,4.0,https://api.spotify.com/v1/tracks/6yIHGmQLJxWAUZ1ZkENemN,track_27,4.0,spotify:track:6yIHGmQLJxWAUZ1ZkENemN,0.247,track
0.0124,0zLd8jpRt4m6FWCu81Fb9n,https://api.spotify.com/v1/audio-analysis/1SssFw74DdHVjRa6ADggdD,['5os0Ltvz8Q8BvXOPOd1frx'],Inner Circle,"['AD', 'AE', 'AR', 'AT', 'AU', 'BE', 'BG', 'BH', 'BO', 'BR', 'CA', 'CH', 'CL', 'CO', 'CR', 'CY', 'CZ', 'DE', 'DK', 'DO', 'DZ', 'EC', 'EE', 'EG', 'ES', 'FI', 'FR', 'GB', 'GR', 'GT', 'HK', 'HN', 'HU', 'ID', 'IE', 'IL', 'IN', 'IS', 'IT', 'JO', 'JP', 'KW', 'LB', 'LI', 'LT', 'LU', 'LV', 'MA', 'MC', 'MT', 'MX', 'MY', 'NI', 'NL', 'NO', 'NZ', 'OM', 'PA', 'PE', 'PH', 'PL', 'PS', 'PT', 'PY', 'QA', 'RO', 'SA', 'SE', 'SG', 'SK', 'SV', 'TH', 'TN', 'TR', 'TW', 'US', 'UY', 'VN', 'ZA']",AR,0.787,1.0,227067.0,0.727,https://api.spotify.com/v1/tracks/1SssFw74DdHVjRa6ADggdD,1SssFw74DdHVjRa6ADggdD,0.0,0.0,0.157,-7.705,"

I've been watching you
A La La La La Long
A La La La La Long Long Li Long Long Long
Come On!
A La La La La Long
A La La La La Long Long Li Long Long Long

Standing across the room I saw you smile
I said I want to talk to you for a little while
But before I make my move my emotions start running wild
My tongue gets tied and that's no lie
I'm looking in your eyes
I'm looking in your big brown eyes
(Ooh yeah)
(and I've got this to say to you)
Girl I want to make you sweat
Sweat 'til you can't sweat no more
And if you cry out I'm gonna push it some more
Girl I want to make you sweat
Sweat 'til you can't sweat no more
And if you cry out I'm gonna push it
Push it push it some more

A La La La La Long
A La La La La Long Long Li Long Long Long
Come On!
A La La La La Long
A La La La La Long Long Li Long Long Long

So I say to myself if she loves me or not
But the dread are known that love is here to get
And with a little bit of this and a little bit of that
The lyrics goes on the attack
My tongue gets tied
And that's no lie
I'm looking in your eyes
I'm looking in your big brown eyes
Ooh yeah
Oh girl
(and I've got this to say to you)
Girl I want to make you sweat
Sweat 'til you can't sweat no more
And if you cry out I'm gonna push it some more
Girl I want to make you sweat
Sweat 'til you can't sweat no more
And if you cry out I'm gonna push it
Push it push it some more

A La La La La Long
A La La La La Long Long Li Long Long Long
Oh yeah
A La La La La Long
A La La La La Long Long Li Long Long Long
One more time
A La La La La Long
A La La La La Long Long Li Long Long Long
Sing it!
A La La La La Long
A La La La La Long Long Li Long Long Long eh
Yeah

Eyes, I'm Looking in your big brown eyes
Oh yeah
(and I've got this to say to you)
Girl I want to make you sweat
Sweat 'til you can't sweat no more
And if you cry out I'm gonna push it some more
Girl I want to make you sweat
Sweat 'til you can't sweat no more
And if you cry out I'm gonna push it
Push it push it some more

A La La La La Long
A La La La La Long Long Li Long Long Long
Eh
A La La La La Long
A La La La La Long Long Li Long Long Long
Push it push it some more
A La La La La Long
A La La La La Long Long Li Long Long Long
Alright
A La La La La Long
A La La La La Long Long Li Long Long Long
Push it push it some more
",1.0,Sweat (A La La La La Long),reggae,71.0,https://p.scdn.co/mp3-preview/d010f0ae8edcf5938ba4c004ac2e035d54855a0f?cid=b3cdb16d0df2409abf6a8f6c2f6c2e0c,0.224,173.025,4.0,https://api.spotify.com/v1/tracks/1SssFw74DdHVjRa6ADggdD,track_44,2.0,spotify:track:1SssFw74DdHVjRa6ADggdD,0.936,track
0.0548,5qZVqBEJSq2HkDMh2VCOQ6,https://api.spotify.com/v1/audio-analysis/2x1LQq8lsUzAA2wNj8yjC9,['3tx8fyu3c4OBP5nejYtUOb'],The Royals,"['CA', 'US']",AR,0.768,1.0,239908.0,0.853,https://api.spotify.com/v1/tracks/2x1LQq8lsUzAA2wNj8yjC9,2x1LQq8lsUzAA2wNj8yjC9,0.13,10.0,0.0188,-5.915,"
Pick up the pieces, uh-huh
Pick up the pieces, alright
Pick up the pieces, uh-huh
Pick up the pieces, woo!
Woo!
Ahhh!
Pick up the pieces
Pick up the pieces
Pick up the pieces
Woo!
Pick up the pieces
Wow!
",0.0,Pick Up The Pieces,reggae,56.0,https://p.scdn.co/mp3-preview/b4fda755cd6f467fd20143b610bf931516724e89?cid=b3cdb16d0df2409abf6a8f6c2f6c2e0c,0.0427,107.234,4.0,https://api.spotify.com/v1/tracks/2x1LQq8lsUzAA2wNj8yjC9,track_25,3.0,spotify:track:2x1LQq8lsUzAA2wNj8yjC9,0.889,track
0.517,7IEYnDhRLDixYADs3fSEC0,https://api.spotify.com/v1/audio-analysis/501YlAetaUihOReeVjAJq1,"['6sZREHX9XWWC5van5XX6Q7', '6QYAVMzc5wYCsgUWN2Osr9', '7qkpISPPPTIP0a3fOKrjLe']",Bob Marley,"['AD', 'AE', 'AR', 'AT', 'AU', 'BE', 'BG', 'BH', 'BO', 'BR', 'CA', 'CH', 'CL', 'CO', 'CR', 'CY', 'CZ', 'DE', 'DK', 'DO', 'DZ', 'EC', 'EE', 'EG', 'ES', 'FI', 'FR', 'GB', 'GR', 'GT', 'HK', 'HN', 'HU', 'ID', 'IE', 'IL', 'IN', 'IS', 'IT', 'JO', 'JP', 'KW', 'LB', 'LI', 'LT', 'LU', 'LV', 'MA', 'MC', 'MT', 'MX', 'MY', 'NI', 'NL', 'NO', 'NZ', 'OM', 'PA', 'PE', 'PH', 'PL', 'PS', 'PT', 'PY', 'QA', 'RO', 'SA', 'SE', 'SG', 'SK', 'SV', 'TH', 'TN', 'TR', 'TW', 'US', 'UY', 'VN', 'ZA']",FI,0.92,1.0,285600.0,0.336,https://api.spotify.com/v1/tracks/501YlAetaUihOReeVjAJq1,501YlAetaUihOReeVjAJq1,0.558,6.0,0.0993,-11.207,"
No woman, no cry
No woman, no cry
No woman, no cry
No woman, no cry
Cause I remember when we used to sit
In the government yard in Trenchtown
Oba, ob-serving the hypocrites
As they would mingle with the good people we meet
Good friends we have had, oh good friends we've lost along the way
In this bright future you can't forget your past
So dry your tears I say
No woman, no cry
No woman, no cry
Little darlin' don't shed no tears
No woman, no cry
Said, said, said I remember when we used to sit
In the government yard in Trenchtown
And then Georgie would make the fire light
Log wood burnin' through the night
Then we would cook corn meal porridge
Of which I'll share with you
My feet is my only carriage
So I've got to push on through
But while I'm gone...
Ev'rything's gonna be alright
Ev'rything's gonna be alright
Ev'rything's gonna be alright
Ev'rything's gonna be alright
Ev'rything's gonna be alright
Ev'rything's gonna be alright
Ev'rything's gonna be alright
Ev'rything's gonna be alright
So, no woman, no cry
No, no woman, no woman, no cry
Oh, little darling, don't shed no tears
No woman, no cry
No woman, no woman, no woman, no cry
No woman, no cry
Oh, my little darlin' please don't shed no tears
No woman, no cry, yeah
",0.0,"No Woman, No Cry",reggae,51.0,https://p.scdn.co/mp3-preview/44760b8e4f040f916dccf1cb20db3b99b98fb65c?cid=b3cdb16d0df2409abf6a8f6c2f6c2e0c,0.0737,120.034,4.0,https://api.spotify.com/v1/tracks/501YlAetaUihOReeVjAJq1,track_36,2.0,spotify:track:501YlAetaUihOReeVjAJq1,0.617,track
0.501,1K7rE0ySesrYrvTgVH4gZY,https://api.spotify.com/v1/audio-analysis/2wuI4Tomu6lYZZ80vDLeSB,['30cz8YgBZbMVQ5XT8xIPDI'],Sophia George,"['AD', 'AE', 'AR', 'AT', 'AU', 'BE', 'BG', 'BH', 'BO', 'BR', 'CA', 'CH', 'CL', 'CO', 'CR', 'CY', 'CZ', 'DE', 'DK', 'DZ', 'EC', 'EE', 'EG', 'ES', 'FI', 'FR', 'GB', 'GR', 'GT', 'HK', 'HN', 'HU', 'ID', 'IE', 'IL', 'IS', 'IT', 'JO', 'JP', 'KW', 'LB', 'LI', 'LT', 'LU', 'LV', 'MA', 'MC', 'MT', 'MX', 'MY', 'NI', 'NL', 'NO', 'NZ', 'OM', 'PA', 'PE', 'PH', 'PL', 'PS', 'PT', 'PY', 'QA', 'RO', 'SA', 'SE', 'SG', 'SK', 'SV', 'TH', 'TN', 'TR', 'TW', 'US', 'UY', 'VN', 'ZA']",FI,0.754,1.0,186600.0,0.777,https://api.spotify.com/v1/tracks/2wuI4Tomu6lYZZ80vDLeSB,2wuI4Tomu6lYZZ80vDLeSB,0.0,3.0,0.104,-7.702,"
Young man you too girlie girlie
You just a flash it round the worldie
Young man you too girlie girlie
You just a flash it round the worldie
Him have one up here
One down there
One in Hannover
One down a vere
One she's a lawyer
One she's a doctor
One when them work with a little contractor
One down a east
One down a west
Him have one up north and two down south
One a sell cigarettes on the roundabout - God
Young man you too girlie girlie
You just a flash it round the worldie
Young man you too girlie girlie
You just a flash it round the worldie
Him have one go a school
One gawn fool fool
Him have one everytime me say she thinks a she rules
One she a nurse she say as she come first
The other night them going out them pick her new purse
One a sell star
One work in a bar
A she can smile when the two a them a spar
One gettie gettie
One frettie frettie
And him no drink no other milk but Betty
You too girlie girlie
You just a flash it round the worldie
. 
Young man you too girlie girlie
You just a flash it round the worldie
. 
Young man you too girlie girlie
You just a flash it round the worldie
. 
Young man you too girlie girlie
You just a flash it round the worldie
. 
Young man you too girlie girlie
You just a flash it round the worldie
Him have one up here
One down there
One in Hannover
One down a vere
One she's a lawyer
One she's a doctor
One when them work with a little contractor
One down a east
One down a west
. 
One a go a school and one fool fool
You too girlie girlie
You just a flash it round the worldie
. 
Young man you too girlie girlie
You just a flash it round the worldie
. 
A big fat one who a go go dancer
A little slim one who's a radio announcer
One highty highty
One flighty flighty
And before him grow old he want one a North Pole
One in a London
One in a Japan
One in a Scotland
One in a Finland
One in a Taiwan
One in a Iran
One in a Greenland
One in a Iceland
One in Canada
One Uganda
One America
One Cuba
One Antigua
One Grenada
One a China
And one India
One Bolivia
One Torguga
One a Ghana
One Ethiopia
One Russia
One Syberia
One a Syria
One Tanzania
One Australia
One Aruba
One Asia
One Australia
",1.0,Girlie Girlie,reggae,42.0,https://p.scdn.co/mp3-preview/26e283acef5669e7cb3afb4f38ed61bea1f95353?cid=b3cdb16d0df2409abf6a8f6c2f6c2e0c,0.135,82.414,4.0,https://api.spotify.com/v1/tracks/2wuI4Tomu6lYZZ80vDLeSB,track_22,1.0,spotify:track:2wuI4Tomu6lYZZ80vDLeSB,0.899,track
0.195,7bttXg6FHq7nVRWbFnkiIP,https://api.spotify.com/v1/audio-analysis/3QMinjF1B7KCqYaSoaagSR,['6eHPmq8aR8X4TZIMvrD9Bo'],Toots and the Maytals,"['AD', 'AE', 'AR', 'AT', 'AU', 'BE', 'BG', 'BH', 'BO', 'BR', 'CH', 'CL', 'CO', 'CR', 'CY', 'CZ', 'DE', 'DK', 'DO', 'DZ', 'EC', 'EE', 'EG', 'ES', 'FI', 'FR', 'GB', 'GR', 'GT', 'HK', 'HN', 'HU', 'ID', 'IE', 'IL', 'IS', 'IT', 'JO', 'JP', 'KW', 'LB', 'LI', 'LT', 'LU', 'LV', 'MA', 'MC', 'MT', 'MX', 'MY', 'NI', 'NL', 'NO', 'NZ', 'OM', 'PA', 'PE', 'PH', 'PL', 'PS', 'PT', 'PY', 'QA', 'RO', 'SA', 'SE', 'SG', 'SK', 'SV', 'TH', 'TN', 'TR', 'TW', 'UY', 'VN', 'ZA']",AR,0.892,1.0,224533.0,0.621,https://api.spotify.com/v1/tracks/3QMinjF1B7KCqYaSoaagSR,3QMinjF1B7KCqYaSoaagSR,0.000157,5.0,0.102,-4.912,"
Aye aye aye, aye aye aye
Tell you baby, you huggin up the big monkey man
Aye aye aye, aye aye aye
Tell you baby, you huggin up the big monkey man
I've seen no sign of you, I only heard of you
Huggin up the big monkey man
I've seen no sign of you, I only heard of you
Huggin up the big monkey man
It's no lie, it's no lie
Them a tell me, you huggin up the big monkey man
It's no lie, it's no lie
Them a tell me, you huggin up the big monkey man
Now I know that, now I understand
You're turning a monkey on me
Now I know that, now I understand
You're turning a monkey on me
",1.0,Monkey Man,reggae,50.0,https://p.scdn.co/mp3-preview/fb861085a35125d4aef1a8a5e8133dc037be67d1?cid=b3cdb16d0df2409abf6a8f6c2f6c2e0c,0.0483,126.652,4.0,https://api.spotify.com/v1/tracks/3QMinjF1B7KCqYaSoaagSR,track_8,10.0,spotify:track:3QMinjF1B7KCqYaSoaagSR,0.826,track
0.0381,3hhWPRjFBsNYm3v3nbOqQC,https://api.spotify.com/v1/audio-analysis/2OHQhOiGIYaXqqJVIMpNrF,['78u1jLVBjPSXQVmHBV43yG'],UB40,"['AD', 'AE', 'AR', 'AT', 'AU', 'BE', 'BG', 'BH', 'BO', 'BR', 'CA', 'CH', 'CL', 'CO', 'CR', 'CY', 'CZ', 'DE', 'DK', 'DO', 'DZ', 'EC', 'EE', 'EG', 'ES', 'FI', 'FR', 'GB', 'GR', 'GT', 'HK', 'HN', 'HU', 'ID', 'IE', 'IL', 'IN', 'IS', 'IT', 'JO', 'JP', 'KW', 'LB', 'LI', 'LT', 'LU', 'LV', 'MA', 'MC', 'MT', 'MX', 'MY', 'NI', 'NL', 'NO', 'NZ', 'OM', 'PA', 'PE', 'PH', 'PL', 'PS', 'PT', 'PY', 'QA', 'RO', 'SA', 'SE', 'SG', 'SK', 'SV', 'TH', 'TN', 'TR', 'TW', 'US', 'UY', 'VN', 'ZA']",AR,0.788,1.0,192400.0,0.773,https://api.spotify.com/v1/tracks/2OHQhOiGIYaXqqJVIMpNrF,2OHQhOiGIYaXqqJVIMpNrF,0.0,9.0,0.35,-5.272,"

Sipple it down down, sipple it down down
It's a rudeboy town, it's Kingston town
Sipple it down down, sipple it down down
It's a rudeboy town, it's Kingston town
Some man have no manners, steal an try fi beg a thing
If you no drop no green, a straight up dissing ting
Sun a bun traffic, it's a slow riddim
JCF a move rough, dem bus' di M16,
Some man a drive up an dung, dem have di latest ting
Machine fit inna dem jeans a show off girls and bling
Smell of marijuana round di corner dem juggling
One mad man get 'im food straight outta di garbage bin, ey!

Sipple it down down, sipple it down down
It's a rudeboy town, it's Kingston town
Sipple it down down, sipple it down down
It's a rudeboy town, it's Kingston town
Sipple it down down, sipple it down down
It's a rudeboy town, it's Kingston town
Sipple it down down, sipple it down down
It's a rudeboy town, it's Kingston town
Dis a di gun land
Blood run cold pon di white sand
Concrete a bun put some pads up your chin
Ba-Babylon boy dem kill a youth an one old woman a chant some
An while a neck sit a monster di rat-ta-ta-tan-ta
Dem dig more grave than rooms up-a Hilton
Small community get wash up by a blood stain
Every weekend same routine with new function
Pusher dem count more dead than 9/11 destruction, ey!

Sipple it down down, sipple it down down
It's a rudeboy town, it's Kingston town
Sipple it down down, sipple it down down
It's a rudeboy town, it's Kingston town
Sipple it down down, sipple it down down
It's a rudeboy town, it's Kingston town
Sipple it down down, sipple it down down
It's a rudeboy town, it's Kingston town
Di gyal dem pants tight like rubber suit
And a dem blouse one tiny something hide up perfect boobs
Dem always a smile if you a-go pay di I
Dem a go play you one trick if you a mama's boy
It's a tough man town, there's no crown and no throne
It a go, lick you down, with a, dancehall sound
If you a stranger and you drive, mek sure you know the route
You don't wanna get salute by a gun dispute

Sipple it down down, sipple it down down
It's a rudeboy town, it's Kingston town
Sipple it down down, sipple it down down
It's a rudeboy town, it's Kingston town
Sipple it down down, sipple it down down
It's a rudeboy town, it's Kingston town
Sipple it down down, sipple it down down
It's a rudeboy town, it's Kingston town
",0.0,Kingston Town,reggae,63.0,https://p.scdn.co/mp3-preview/79f864cbd972bbc0c6a60835c133eca61112787b?cid=b3cdb16d0df2409abf6a8f6c2f6c2e0c,0.099,73.978,4.0,https://api.spotify.com/v1/tracks/2OHQhOiGIYaXqqJVIMpNrF,track_48,4.0,spotify:track:2OHQhOiGIYaXqqJVIMpNrF,0.584,track
0.0134,1jlLwwlXgz9i3UriurwBHQ,https://api.spotify.com/v1/audio-analysis/7CnKqkn1OxLyRPBIxpMQZl,['4zZltZN52KGWA53x8ILybr'],Eddy Grant,"['AD', 'AE', 'AR', 'AT', 'AU', 'BE', 'BG', 'BH', 'BO', 'BR', 'CA', 'CH', 'CL', 'CO', 'CR', 'CY', 'CZ', 'DE', 'DK', 'DO', 'DZ', 'EC', 'EE', 'EG', 'ES', 'FI', 'FR', 'GB', 'GR', 'GT', 'HK', 'HN', 'HU', 'ID', 'IE', 'IL', 'IN', 'IS', 'IT', 'JO', 'JP', 'KW', 'LB', 'LI', 'LT', 'LU', 'LV', 'MA', 'MC', 'MT', 'MX', 'MY', 'NI', 'NL', 'NO', 'NZ', 'OM', 'PA', 'PE', 'PH', 'PL', 'PS', 'PT', 'PY', 'QA', 'RO', 'SA', 'SE', 'SG', 'SK', 'SV', 'TH', 'TN', 'TR', 'TW', 'US', 'UY', 'VN', 'ZA']",AR,0.91,1.0,198437.0,0.622,https://api.spotify.com/v1/tracks/7CnKqkn1OxLyRPBIxpMQZl,7CnKqkn1OxLyRPBIxpMQZl,3.03e-06,9.0,0.0288,-6.904,"
Boy!
Boy!
Now in the street, there is violence
And-and a lots of work to be done
No place to hang out our washing
And-and I can't blame all on the sun
Oh no, we gonna rock down to Electric Avenue
And then we'll take it higher
Oh, we gonna rock down to Electric Avenue
And then we'll take it higher
Workin' so hard like a soldier
Can't afford a thing on TV
Deep in my heart, I abhor ya
Can't get food for the kid
Good God, we gonna rock down to Electric Avenue
And then we'll take it higher
Ho, we gonna rock down to Electric Avenue
And then we'll take it higher
Oh, no
Oh, no
Oh, no
Oh, no
Oh God, we gonna rock down to Electric Avenue
And then we'll take it higher
Ho, we gonna rock down to Electric Avenue
And then we'll take it higher
Who is to blame in one country?
Never can get to the one
Dealin' in multiplication
And they still can't feed everyone
Oh no, we gonna rock down to Electric Avenue
And then we'll take it higher
Ho no, we gonna rock down to Electric Avenue
And then we'll take it higher
Ho, out in the street
Out in the street
Out in the daytime
Out in the night
Oh, we gonna rock down to Electric Avenue
And then we'll take it higher
Ho, we gonna rock down to Electric Avenue
And then we'll take it higher
Out in the street
Out in the street
Out in the playground
In the dark side of town
Ho, we gonna rock down to Electric Avenue
And then we'll take it higher
Hey, we gonna rock down to Electric Avenue
Oh yeah (And then we'll take it higher)
Rock it in the daytime (We gonna rock down to Electric Avenue)
Rock it in the night (And then we'll take it higher, Electric Avenue)
Rock it in my ya-tee-pa-bombay (We gonna rock down to Electric Avenue)
Whoa, in the Brixton, yeah (And then we'll take it higher, Electric Avenue)
",1.0,Electric Avenue,reggae,35.0,https://p.scdn.co/mp3-preview/0260e16170b6fe1b84e2c4d3acb4f828677283ee?cid=b3cdb16d0df2409abf6a8f6c2f6c2e0c,0.0799,121.568,4.0,https://api.spotify.com/v1/tracks/7CnKqkn1OxLyRPBIxpMQZl,track_17,15.0,spotify:track:7CnKqkn1OxLyRPBIxpMQZl,0.915,track
0.0303,4dYLtOe0GOBxBMMVTOuatl,https://api.spotify.com/v1/audio-analysis/67NSunZZnjNmwYibRwv9n5,['1Xylc3o4UrD53lo9CvFvVg'],Inner Circle,"['DK', 'IS', 'NO']",FI,0.791,1.0,129213.0,0.609,https://api.spotify.com/v1/tracks/67NSunZZnjNmwYibRwv9n5,67NSunZZnjNmwYibRwv9n5,0.017,8.0,0.111,-8.009,"

Ooh, ooh, ooh, ooh

Ask me to stay and I'm not gonna leave
Don't make me wait with my heart on my sleeve
'Cause I won't go 'less you want me to
I'd surrender it all for you
Friends turn to foes, I don't know who to trust
You say I worry, I worry too much
But I can't help what I'm feeling now
I just want us to be somehow

I said there's something 'bout the bad boys
That makes the good girls fall in love
I said there's something 'bout the bad boys
That makes the good girls fall in love

Clear as a crystal or sharp as a knife
Words will be words 'til you bring them to life
Show the whole world that you're mine alone
Tell them girls to go find their own

I said there's something 'bout the bad boys
That makes the good girls fall in love
(And if you're no good for me)
I said there's something 'bout the bad boys
That makes the good girls fall in love
(And if you're no good for me)

Don't leave me stranded (and if you're no good for me)
Don't lead me on (and if you're no good for me)
I'd rather feel abandoned (and if you're no good for me)
Then please be gone

I said there's something 'bout the bad boys
That makes the good girls fall in love
(And if you're no good for me)
I said there's something 'bout the bad boys
That makes the good girls fall in love
(And if you're no good for me)
",1.0,Bad Boys,reggae,29.0,https://p.scdn.co/mp3-preview/4b45c03d6fcd801923e7304ffb32228879164204?cid=b3cdb16d0df2409abf6a8f6c2f6c2e0c,0.0547,113.001,4.0,https://api.spotify.com/v1/tracks/67NSunZZnjNmwYibRwv9n5,track_19,1.0,spotify:track:67NSunZZnjNmwYibRwv9n5,0.519,track
0.0138,0yDD14aJG0uQ9qpLmeN4UP,https://api.spotify.com/v1/audio-analysis/4uNwzAKqOWtT7iInS6Ly5Z,['3UbyYnvNIT5DFXU4WgiGpP'],Bob Marley,"['AD', 'AE', 'AR', 'AT', 'AU', 'BE', 'BG', 'BH', 'BO', 'BR', 'CA', 'CH', 'CL', 'CO', 'CR', 'CY', 'CZ', 'DE', 'DK', 'DO', 'DZ', 'EC', 'EE', 'EG', 'ES', 'FI', 'FR', 'GB', 'GR', 'GT', 'HK', 'HN', 'HU', 'ID', 'IE', 'IL', 'IN', 'IS', 'IT', 'JO', 'KW', 'LB', 'LI', 'LT', 'LU', 'LV', 'MA', 'MC', 'MT', 'MX', 'MY', 'NI', 'NL', 'NO', 'NZ', 'OM', 'PA', 'PE', 'PH', 'PL', 'PS', 'PT', 'PY', 'QA', 'RO', 'SA', 'SE', 'SG', 'SK', 'SV', 'TH', 'TN', 'TR', 'TW', 'US', 'UY', 'VN', 'ZA']",AR,0.454,1.0,263187.0,0.702,https://api.spotify.com/v1/tracks/4uNwzAKqOWtT7iInS6Ly5Z,4uNwzAKqOWtT7iInS6Ly5Z,1.52e-06,9.0,0.754,-6.872,"

I should have known better than to let you go alone
It's times like these I can't make it on my own
Wasted days and sleepless nights
And I can't wait to see you again

I find I spend my time waiting on your call
How can I tell you babe? My back's against the wall
I need you by my side to tell me ""It's alright""
'Cause I don't think I can take anymore

Is this love that I'm feeling?
Is this the love that I've been searching for?
Is this love or am I dreaming?
This must be love cause it's really got a hold on me
A hold on me

I can't stop the feeling I've been this way before
But with you I've found the key to open any door
I can feel my love for you growing stronger day by day
And I can't wait to see you again
So I can hold you in my arms

Is this love that I'm feeling?
Is this the love that I've been searching for?
Is this love or am I dreaming?
This must be love cause it's really got a hold on me
A hold on me


Is this love that I'm feeling?
Is this the love that I've been searching for?
Is this love or am I dreaming?
Is this the love that I've been searching for?
Is this love or am I dreaming?
Is this the love that I've been searching for?
Is this love or am I dreaming?
Is this the love that I've been searching for?
",1.0,Is This Love,reggae,29.0,https://p.scdn.co/mp3-preview/5990c788630ddc20b1645061988dd7e927a00114?cid=b3cdb16d0df2409abf6a8f6c2f6c2e0c,0.0342,92.114,4.0,https://api.spotify.com/v1/tracks/4uNwzAKqOWtT7iInS6Ly5Z,track_18,4.0,spotify:track:4uNwzAKqOWtT7iInS6Ly5Z,0.184,track
0.000692,3KuXEGcqLcnEYWnn3OEGy0,https://api.spotify.com/v1/audio-analysis/2IFqUmfW8oQoKn6ToxKsMs,['12Chz98pHFMPJEknJQMWvI'],Bob Marley,"['AD', 'AE', 'AR', 'AT', 'AU', 'BE', 'BG', 'BH', 'BO', 'BR', 'CA', 'CH', 'CL', 'CO', 'CR', 'CY', 'CZ', 'DE', 'DK', 'DO', 'DZ', 'EC', 'EE', 'EG', 'ES', 'FI', 'FR', 'GB', 'GR', 'GT', 'HK', 'HN', 'HU', 'ID', 'IE', 'IL', 'IS', 'IT', 'JO', 'JP', 'KW', 'LB', 'LI', 'LT', 'LU', 'LV', 'MA', 'MC', 'MT', 'MX', 'MY', 'NI', 'NL', 'NO', 'NZ', 'OM', 'PA', 'PE', 'PH', 'PL', 'PS', 'PT', 'PY', 'QA', 'RO', 'SA', 'SE', 'SG', 'SK', 'SV', 'TH', 'TN', 'TR', 'TW', 'US', 'UY', 'VN', 'ZA']",FI,0.557,1.0,257467.0,0.826,https://api.spotify.com/v1/tracks/2IFqUmfW8oQoKn6ToxKsMs,2IFqUmfW8oQoKn6ToxKsMs,0.188,10.0,0.0914,-4.545,"

Race, life’s a race
And I am gonna win
Yes, I am gonna win
And I’ll light the fuse
And I’ll never lose
And I choose to survive
{repeated}(So I told you)
Whatever it takes
You won’t pull ahead
I’ll keep up the pace
And I’ll reveal my strength
To the whole human race

{repeated}(You were warned and didn't listen)
Yes I am prepared
To stay alive
I won’t forgive, the vengeance is mine
And I won’t give in
Because I choose to thrive

Yes, I’m gonna win!



Fight! Fight! Fight! Fight!
Win! Win! Win! Win!
Yes I’m gonna win!
",0.0,Survival,reggae,60.0,https://p.scdn.co/mp3-preview/ead798b3c55b576e07a019b05c0f45c9c724a13e?cid=b3cdb16d0df2409abf6a8f6c2f6c2e0c,0.0394,164.01,4.0,https://api.spotify.com/v1/tracks/2IFqUmfW8oQoKn6ToxKsMs,track_16,5.0,spotify:track:2IFqUmfW8oQoKn6ToxKsMs,0.632,track
0.13,0txzXbDfTn3vAdx77iCaXd,https://api.spotify.com/v1/audio-analysis/78His8pbKjbDQF7aX5asgv,['54R6Y0I7jGUCveDTtI21nb'],The Melodians,"['AD', 'AE', 'AR', 'AT', 'AU', 'BE', 'BG', 'BH', 'BO', 'BR', 'CA', 'CH', 'CL', 'CO', 'CR', 'CY', 'CZ', 'DE', 'DK', 'DO', 'DZ', 'EC', 'EE', 'EG', 'ES', 'FI', 'FR', 'GB', 'GR', 'GT', 'HK', 'HN', 'HU', 'ID', 'IE', 'IL', 'IN', 'IS', 'IT', 'JO', 'JP', 'KW', 'LB', 'LI', 'LT', 'LU', 'LV', 'MA', 'MC', 'MT', 'MX', 'MY', 'NI', 'NL', 'NO', 'NZ', 'OM', 'PA', 'PE', 'PH', 'PL', 'PS', 'PT', 'PY', 'QA', 'RO', 'SA', 'SE', 'SG', 'SK', 'SV', 'TH', 'TN', 'TR', 'TW', 'US', 'UY', 'VN', 'ZA']",AR,0.729,1.0,261267.0,0.851,https://api.spotify.com/v1/tracks/78His8pbKjbDQF7aX5asgv,78His8pbKjbDQF7aX5asgv,0.000912,7.0,0.443,-7.033,"
By the rivers of babylon, there we sat down
Ye-eah we wept, when we remembered zion
By the rivers of babylon, there we sat down
Ye-eah we wept, when we remembered zion
When the wicked
Carried us away in captivity
Required from us a song
Now how shall we sing the lord's song in a strange land
When the wicked
Carried us away in captivity
Requiering of us a song
Now how shall we sing the lord's song in a strange land
Yeah, yeah, yeah, yeah, yeah let the words of our mouth and the meditations of our heart
Be acceptable in thy sight here tonight
Let the words of our mouth and the meditation of our hearts
Be acceptable in thy sight here tonight
By the rivers of babylon, there we sat down
Ye-eah we wept, when we remembered zion
By the rivers of babylon, there we sat down
Ye-eah we wept, when we remembered zion
By the rivers of babylon (dark tears of babylon)
There we sat down (you got to sing a song)
Ye-eah we wept, (sing a song of love)
When we remember zion. (yeah yeah yeah yeah yeah)
By the rivers of babylon (rough bits of babylon)
There we sat down (you hear the people cry)
Ye-eah we wept, (they need their god)
When we remember zion. (ooh, have the power)
",1.0,Rivers of Babylon,reggae,62.0,https://p.scdn.co/mp3-preview/730e80a5edf17dae29194d9fd7429d72957e2e11?cid=b3cdb16d0df2409abf6a8f6c2f6c2e0c,0.0362,115.118,4.0,https://api.spotify.com/v1/tracks/78His8pbKjbDQF7aX5asgv,track_15,6.0,spotify:track:78His8pbKjbDQF7aX5asgv,0.741,track
3.08e-05,3BMeDhNqWtsFd0L3VxkSxQ,https://api.spotify.com/v1/audio-analysis/1W2TiJrNnMp4mk7dertYiI,['0sxW2BJTemkPy8tDeO1s0t'],Buju Banton,"['AD', 'AT', 'BE', 'BG', 'CH', 'CY', 'CZ', 'DE', 'DK', 'EE', 'ES', 'FI', 'FR', 'GB', 'GR', 'HU', 'IE', 'IS', 'IT', 'LI', 'LT', 'LU', 'LV', 'MC', 'MT', 'NL', 'NO', 'PL', 'PT', 'RO', 'SE', 'SK', 'TR']",AR,0.357,1.0,264347.0,0.979,https://api.spotify.com/v1/tracks/1W2TiJrNnMp4mk7dertYiI,1W2TiJrNnMp4mk7dertYiI,2.4e-06,1.0,0.188,-3.281,"

A coming fight is on the horizon
Violent love we can not hide from
A broken man watches vainly
To a world that can never save us
He prays for the first time
He cries out for a change and justice
Soon a great light will see
The people of the darkness

We have to realize
A reality beyond our eyes in an unseen world
The Antichrist is gonna rise and we'll
Have to realize
A reality beyond our eyes
In an unseen world
The Antichrist will fall

The future written in the past
A prophecy of everything ending
I am a murderer
(Wash me clean)

We have to realize
A reality beyond our eyes in an unseen world
The Antichrist is gonna rise and we'll
Have to realize
A reality beyond our eyes in an unseen world
The Antichrist will fall

The Antichrist will fall
Evil cost the world
A murder paid it all
I am a murderer
(Wash me clean)
",1.0,Murderer,reggae,33.0,https://p.scdn.co/mp3-preview/c5694dd2a792c003607e89c897198df005d1a591?cid=b3cdb16d0df2409abf6a8f6c2f6c2e0c,0.175,102.009,4.0,https://api.spotify.com/v1/tracks/1W2TiJrNnMp4mk7dertYiI,track_42,1.0,spotify:track:1W2TiJrNnMp4mk7dertYiI,0.109,track
0.825,4H9eL5O62tZRXwksrtMQfN,https://api.spotify.com/v1/audio-analysis/7cKLOenzViwzoHJWciMIrj,['21pMSs2JHWwwy2kp1QIIVB'],Sister Nancy,"['AD', 'AE', 'AR', 'AT', 'AU', 'BE', 'BG', 'BH', 'BO', 'BR', 'CA', 'CH', 'CL', 'CO', 'CR', 'CY', 'CZ', 'DE', 'DK', 'DO', 'DZ', 'EC', 'EE', 'EG', 'ES', 'FI', 'FR', 'GB', 'GR', 'GT', 'HK', 'HN', 'HU', 'ID', 'IE', 'IL', 'IN', 'IS', 'IT', 'JO', 'JP', 'KW', 'LB', 'LI', 'LT', 'LU', 'LV', 'MA', 'MC', 'MT', 'MX', 'MY', 'NI', 'NL', 'NO', 'NZ', 'OM', 'PA', 'PE', 'PH', 'PL', 'PS', 'PT', 'PY', 'QA', 'RO', 'SA', 'SE', 'SG', 'SK', 'SV', 'TH', 'TN', 'TR', 'TW', 'US', 'UY', 'VN', 'ZA']",AR,0.722,1.0,196507.0,0.605,https://api.spotify.com/v1/tracks/7cKLOenzViwzoHJWciMIrj,7cKLOenzViwzoHJWciMIrj,0.0178,5.0,0.248,-6.07,"


A me seh one ting Nancy cyaan understan
One ting Nancy cyaan understan
Wha' mek dem a talk 'bout me ambishan
Seh, wha' mek dem a talk 'bout me ambishan
'ca me seh some a dem a ax me whey me get it fram
'ca some a dem a ax me whey me get it fram
A true dem nuh know it's fram creation
A true dem nuh know it's-a fram creation

Bam bam, ey, what a bam bam
Bam bam dilla, bam bam
Bam bam dilla, bam bam
'ey what a bam bam, seh what a bam bam

Dis woman neva trouble no one
I'm a lady, I'm not a man
MC is my ambishan
I come fi nice up Jamaica

So bam bam, what a bam bam
Bam bam dilla, bam bam
Bam bam dilla, bam bam
'ey a me seh what a bam bam
Tell'em seh me seh what a bam bam
'ey ya, tell'em, tell'em

Me born an me grow ina Kingston 6
I Nancy write me crissest lirics
When you hear dem nuh sound like Miss prissy Biscuit
You come ina de place so me seh well well slick

Bam bam, 'ey seh what a bam bam
Bam bam dilla, bam bam
Bam bam dilla, bam bam
'ey seh what a bam bam, 'ey seh what a bam bam

A some a dem a seh me a go mash up dem plan
A true dem nuh know me a one bisnis woman
Sister Nancy she a one ina 3 million
Sister Nancy she a one ina 3 million

So bam bam, seh what a bam bam
Bam bam billa, bam bam
Bam bam billa, bam bam

'Ey seh go, Sister Nancy, mek you go
I tell yousel' fi go Sister Nancy, mek you go
I know it from me head straight down to my toe
A tee-tar-toe Sister Nancy a me go
A some a dem a ax a Sister Nancy mek you bad so
Bung dung didle-a Sister Nancy mek you bad so

E bam bam, what a bam bam
E bam bam dilla, bam bam
E Bam bam billa, bam bam
What a bam bam, 'ey so me seh what a bam bam

Dis woman neva choble no one
I'm a lady, I'm not a man
MC is my ambishan
I come fi nice up Jamaica

So bam bam, seh what a bam bam
Bam bam dilla, bam bam
Bam bam dilla, bam bam
'Ey so me seh one ting Nancy cyaan understan
One ting Nancy cyaan understan
",1.0,Bam Bam,reggae,66.0,https://p.scdn.co/mp3-preview/30539a77bac05d1b0845a44055509dace817737b?cid=b3cdb16d0df2409abf6a8f6c2f6c2e0c,0.153,165.998,4.0,https://api.spotify.com/v1/tracks/7cKLOenzViwzoHJWciMIrj,track_34,6.0,spotify:track:7cKLOenzViwzoHJWciMIrj,0.709,track
0.000481,4z90EIlfGLze7l9qOvG4mP,https://api.spotify.com/v1/audio-analysis/7sfYhPOfrxaovKmLMVc5rh,['0RBuJpjFEGVDZ7CWq3UcdQ'],Bob Marley,"['AD', 'AE', 'AR', 'AT', 'AU', 'BE', 'BG', 'BH', 'BO', 'BR', 'CA', 'CH', 'CL', 'CO', 'CR', 'CY', 'CZ', 'DE', 'DK', 'DO', 'DZ', 'EC', 'EE', 'EG', 'ES', 'FI', 'FR', 'GB', 'GR', 'GT', 'HK', 'HN', 'HU', 'ID', 'IE', 'IL', 'IN', 'IS', 'IT', 'JO', 'JP', 'KW', 'LB', 'LI', 'LT', 'LU', 'LV', 'MA', 'MC', 'MT', 'MX', 'MY', 'NI', 'NL', 'NO', 'NZ', 'OM', 'PA', 'PE', 'PH', 'PL', 'PS', 'PT', 'PY', 'QA', 'RO', 'SA', 'SE', 'SG', 'SK', 'SV', 'TH', 'TN', 'TR', 'TW', 'US', 'UY', 'VN', 'ZA']",AR,0.455,1.0,245680.0,0.873,https://api.spotify.com/v1/tracks/7sfYhPOfrxaovKmLMVc5rh,7sfYhPOfrxaovKmLMVc5rh,7.68e-05,2.0,0.326,-6.341,"
I'm coming in from the cold
Found a coin and a medal
I took the hard way to get here alive
Ready the saddle
Well I'm coming in gonna stay for awhile
With a conscience to fight there's a might
It's gonna shatter
And a crash landing right in your face
Won't even matter
Closing your blinded eyes because you are petrified
All of this is coming back to you
Now I'm getting out of the cold rainy night
In your world of deceit I will find
You're guilty of treason
Gonna light up the sky till it's clear
There must be a reason
I couldn't wait cause I know what it takes
For you to comprehend the meaning of a lie
I'm out of faith when there's so much at stake
You're even blinded by the truth between the lines
So I'm coming in
Gonna stay out of sight
Yeah I'm coming in from the cold
Left a coin and a medal
It took a long way to get here alive
I'm not gonna give in
No I'm not gonna give in
I'm not gonna give in
I took the hard way to get here alive
I'm not gonna give in
No I'm not gonna give in
",1.0,Coming In From The Cold,reggae,18.0,https://p.scdn.co/mp3-preview/ced2063c6f4ef3ef70a8861f28993a8e40f1c5e7?cid=b3cdb16d0df2409abf6a8f6c2f6c2e0c,0.0428,89.899,4.0,https://api.spotify.com/v1/tracks/7sfYhPOfrxaovKmLMVc5rh,track_14,1.0,spotify:track:7sfYhPOfrxaovKmLMVc5rh,0.651,track
0.000107,4RvVqlhkPBbRSv3bmKcTLk,https://api.spotify.com/v1/audio-analysis/1sayNABSGjIVFayiesR4v9,"['7rUJV3QhhZJVRucw5BK09x', '1VwX54VxJ6Mghi5HTCZYLa', '2QsynagSdAqZj3U9HgDzjD']",Bob Marley,"['IT', 'MT']",AR,0.561,1.0,189120.0,0.941,https://api.spotify.com/v1/tracks/1sayNABSGjIVFayiesR4v9,1sayNABSGjIVFayiesR4v9,0.0121,0.0,0.493,-5.161,"

I wanna fuck you slow with the lights on (Lights on, lights on, lights on)
You're the only one I've got my sights on (Sights on, sights on, sights on)
Type of sex you could never put a price on (Price on, price on, price on)
I'll take it off, you're the one I'll roll the dice on (Dice on, dice on, dice on)
And I just want a baby with the right one
(I just want a baby with the right—)
'Cause I could never be the one to hide one
(I could never be the one to hide—)

And we lost a lot of things in the fire
So it took a year for me to find out (Find out, find out)

I can't lose you, babe (I can't lose you)
I can't lose you, babe (I can't lose you, babe)
I can't lose you, babe (I can't lose you, babe)
Oh-oh (Oh-oh)
I can't lose you, babe (I can't lose you)
I can't lose you, babe (I can't lose you, babe)
I can't lose you, babe
Oh-oh (Yeah)

I'm tired of being home alone (Home alone)
I used to have a girl a day (Girl a day)
But I want you to stay (I want you to stay, hey)
You said you might be into girls (Into girls)
Said you're going through a phase (Through a phase)
Keeping your heart safe (Keepin' your heart safe, oh)
Well, baby, you can bring a friend (Bring a friend)
She can ride on top your face (Top your face)
While I fuck you straight (While I fuck you straight, yeah)

And we lost a lot of things in the fire (Fire)
So it took a year for me to find out (Find out, find out)

I can't lose you, babe (I can't lose you)
I can't lose you, babe (I can't lose you, babe)
I can't lose you, babe (I can't lose you, babe)
Oh-oh (Oh-oh, oh-oh)
I can't lose you, babe (I can't lose you)
I can't lose you, babe (I can't lose you, babe)
I can't lose you, babe (I can't lose you, babe)
Oh-oh (Woah)

I'm tired of being home alone
Used to have a girl a day (Girl a day)
But I want you to stay (I want you to stay, hey)

I can't lose you, babe (I can't lose you)
I can't lose you, babe (I can't lose you, babe)
I can't lose you, babe (I can't lose you, babe)
Oh-oh (Oh-oh, oh-oh, oh-oh, oh-oh)
Ooh, ooh-ooh-ooh (Oh-oh, oh-oh, oh-oh)
I can't lose you, babe (I can't lose you)
I can't lose you, babe (I can't lose you, babe)
I can't lose you, babe (I can't lose you, babe)
Oh-oh (Oh-oh, oh-oh, oh-oh, oh-oh)

Ooh
",1.0,Sun Is Shining,reggae,39.0,https://p.scdn.co/mp3-preview/76656d5f58ad7cafa7c43c8a935b124650943ec9?cid=b3cdb16d0df2409abf6a8f6c2f6c2e0c,0.0498,125.017,4.0,https://api.spotify.com/v1/tracks/1sayNABSGjIVFayiesR4v9,track_5,1.0,spotify:track:1sayNABSGjIVFayiesR4v9,0.0379,track
0.895,0NIrrokg0q2YQxIwgurKuf,https://api.spotify.com/v1/audio-analysis/2CbK6IbqtaMSDvujyvPdTZ,['7omzannyG2lfDqP5xyZo34'],Bob Marley,"['AD', 'AE', 'AR', 'AT', 'AU', 'BE', 'BG', 'BH', 'BO', 'BR', 'CA', 'CH', 'CL', 'CO', 'CR', 'CY', 'CZ', 'DE', 'DK', 'DO', 'DZ', 'EC', 'EE', 'EG', 'ES', 'FI', 'FR', 'GB', 'GR', 'GT', 'HK', 'HN', 'HU', 'ID', 'IE', 'IL', 'IN', 'IS', 'IT', 'JO', 'JP', 'KW', 'LB', 'LI', 'LT', 'LU', 'LV', 'MA', 'MC', 'MT', 'MX', 'MY', 'NI', 'NL', 'NO', 'NZ', 'OM', 'PA', 'PE', 'PH', 'PL', 'PS', 'PT', 'PY', 'QA', 'RO', 'SA', 'SE', 'SG', 'SK', 'SV', 'TH', 'TN', 'TR', 'TW', 'US', 'UY', 'VN', 'ZA']",AR,0.621,1.0,148715.0,0.212,https://api.spotify.com/v1/tracks/2CbK6IbqtaMSDvujyvPdTZ,2CbK6IbqtaMSDvujyvPdTZ,0.000225,5.0,0.127,-9.091,"

I still remember, I was young
You put your hand on my shoulder
Then you were gone
I've been thinking lately
How it could have changed me
Oh, I wish you could see me now

Maybe I'm hopeless
But I'm only human
I hope that you know that I'd give it all
For a moment with you

These cold hands, this burning heart
Will always be alone without you
I lost you, but all the love you left behind
Will always remind me, remind me of you

So many years have come and gone
But every picture without you still feels so wrong
I've been thinking lately, what would you say if you saw me?
Would you be proud of what I've become?

Oh, these cold hands, this burning heart
Will always be alone without you
I lost you, but all the love you left behind
Will always remind me, remind me of you

Maybe I'm hopeless
But I'm only human
I hope that you know that I'd give it all
For a moment with you
Oh, maybe I'm hopeless
Maybe I'm hopeless
But I'm only human
I hope that you know that I'd give it all
For a moment with you

These cold hands, this burning heart
Will always be alone without you
I lost you, but all the love you left behind
Will always remind me, remind me of you
",1.0,Three Little Birds,reggae,46.0,https://p.scdn.co/mp3-preview/2d9b35897a050722f427f265981764a8891887b7?cid=b3cdb16d0df2409abf6a8f6c2f6c2e0c,0.0355,127.876,4.0,https://api.spotify.com/v1/tracks/2CbK6IbqtaMSDvujyvPdTZ,track_28,1.0,spotify:track:2CbK6IbqtaMSDvujyvPdTZ,0.303,track
0.0331,7naj9A5QZbYxYbj9Susywq,https://api.spotify.com/v1/audio-analysis/0mD19MC6H0OzHvEUADHypU,['312pFk2xpEwYWLGPehc4Nu'],John Holt,"['AD', 'AE', 'AR', 'AT', 'AU', 'BE', 'BG', 'BH', 'BO', 'BR', 'CA', 'CH', 'CL', 'CO', 'CR', 'CY', 'CZ', 'DE', 'DK', 'DO', 'DZ', 'EC', 'EE', 'EG', 'ES', 'FI', 'FR', 'GB', 'GR', 'GT', 'HK', 'HN', 'HU', 'ID', 'IE', 'IL', 'IS', 'IT', 'JO', 'JP', 'KW', 'LB', 'LI', 'LT', 'LU', 'LV', 'MA', 'MC', 'MT', 'MX', 'MY', 'NI', 'NL', 'NO', 'NZ', 'OM', 'PA', 'PE', 'PH', 'PL', 'PS', 'PT', 'PY', 'QA', 'RO', 'SA', 'SE', 'SG', 'SK', 'SV', 'TH', 'TN', 'TR', 'TW', 'US', 'UY', 'VN', 'ZA']",AR,0.686,1.0,219160.0,0.652,https://api.spotify.com/v1/tracks/0mD19MC6H0OzHvEUADHypU,0mD19MC6H0OzHvEUADHypU,8.34e-06,9.0,0.0578,-7.586,"
Yes boss, yes boss, yes boss, yes boss...
Police in helicopter, a search fi marijuana
Police man in the streets, searching fi collie weed
Soldiers in the field, burnin the collie weed
But if you continue to burn up the herbs, we gonna burn down the cane fields
If you continue to burn up the herbs, we gonna burn down the cane fields
Soldier in the herb field, burnin the collie weed
Police in helicopter, a search fi marijuana
Police man in the streets, searching fi collie weed
But if you continue to burn up the herbs, we gonna burn down the cane fields
If you continue to burn up the herbs, we gonna burn down the cane fields
Ohh
Police in helicopter, a search fi marijuana
Police man in the streets, searching fi collie weed
Police men in the fields, burnin the collie weed
But if you continue to burn up the herbs, we gonna burn down the cane fields
If you continue to burn up the herbs, we gonna burn down the cane fields
We don't trouble your banana, we don't trouble your corn
We don't trouble your pimento, we don't trouble you at all
So if you continue to burn up the herbs, we gonna burn down the cane fields
If you continue to burn up the herbs, we gonna burn down the cane fields
If you continue to burn up the herbs, we gonna burn down the cane fields
If you continue to burn up the herbs, we gonna burn down the cane fields
Woyy
Police in helicopter, a search fi marijuana
Police man in the streets, searching fi collie weed
Police man in the fields, woy yoooow, burnin the collie weed
But if you continue to burn up the herbs, we gonna burn down the cane fields
If you continue to burn up the herbs, we gonna burn down the cane fields
Oyyy
",0.0,Police In Helicopter,reggae,62.0,https://p.scdn.co/mp3-preview/e58f3d5d7dbea7ff23a4f188de4fe74e06e85ac1?cid=b3cdb16d0df2409abf6a8f6c2f6c2e0c,0.111,141.185,4.0,https://api.spotify.com/v1/tracks/0mD19MC6H0OzHvEUADHypU,track_39,1.0,spotify:track:0mD19MC6H0OzHvEUADHypU,0.503,track
0.0785,0MtDML13BxeSu5oeI1VCzQ,https://api.spotify.com/v1/audio-analysis/3dEWwyEuqeNFH0V9OvyRWv,['2kWeFaiHBskk8oqky3KHcR'],The Mighty Diamonds,"['AD', 'AE', 'AR', 'AT', 'AU', 'BE', 'BG', 'BH', 'BO', 'BR', 'CA', 'CH', 'CL', 'CO', 'CR', 'CY', 'CZ', 'DE', 'DK', 'DO', 'DZ', 'EC', 'EE', 'EG', 'ES', 'FI', 'FR', 'GB', 'GR', 'GT', 'HK', 'HN', 'HU', 'ID', 'IE', 'IL', 'IN', 'IS', 'IT', 'JO', 'JP', 'KW', 'LB', 'LI', 'LT', 'LU', 'LV', 'MA', 'MC', 'MT', 'MX', 'MY', 'NI', 'NL', 'NO', 'NZ', 'OM', 'PA', 'PE', 'PH', 'PL', 'PS', 'PT', 'PY', 'QA', 'RO', 'SA', 'SE', 'SG', 'SK', 'SV', 'TH', 'TN', 'TR', 'TW', 'US', 'UY', 'VN', 'ZA']",AR,0.562,1.0,201667.0,0.639,https://api.spotify.com/v1/tracks/3dEWwyEuqeNFH0V9OvyRWv,3dEWwyEuqeNFH0V9OvyRWv,0.00142,8.0,0.35,-8.188,"
Any day or night time
It's always the right time
It's always the right time to do the wrong thing
It's 2 am and you're sitting at the bar
Wondering if you should make it your last call
But don't call me
Oh, don't make my phone ring
Cause you know what I say
Honey, it's always the right time to do the wrong thing
Well we're strolling in to your daddy's country club
That valet left that Shelby motor running
Let's jump inside
Oh, let's take it for a ride
Cause you know what I say
Honey, it's always the right time to do the wrong thing

Any day or night time
It's always the right time
It's always the right time to do the wrong thing
If you're looking for a good time
You and me will get on just fine
It's always the right time to do the wrong thing
Old Willie's bus is putting out some smoke
I knock on his door and ask him for a toke
Just because
Hell, we're both outlaws
Well, he'll tell you the same
Honey, it's always the right time to do the wrong thing

Any day or night time
It's always the right time
It's always the right time to do the wrong thing
If you're looking for a good time
You and me will get on just fine
It's always the right time to do the wrong thing
If you're looking for trouble
Honey, I can show you how
We don't have to worry
My favorite time of day is right now

Any day or night time
It's always the right time
It's always the right time to do the wrong thing
If you're looking for a good time
You and me will get on just fine
It's always the right time to do the wrong thing

Any day or night time
It's always the right time
It's always the right time to do the wrong thing
If you're looking for a good time
You and me will get on just fine
It's always the right time to do the wrong thing
",1.0,Right Time,reggae,48.0,https://p.scdn.co/mp3-preview/945921816abd5f6e09a812ce42968aa91fabb75e?cid=b3cdb16d0df2409abf6a8f6c2f6c2e0c,0.03,107.86,4.0,https://api.spotify.com/v1/tracks/3dEWwyEuqeNFH0V9OvyRWv,track_24,1.0,spotify:track:3dEWwyEuqeNFH0V9OvyRWv,0.514,track
0.0562,4H59J8uSYu7QL5vthQe5jn,https://api.spotify.com/v1/audio-analysis/1EpOxn4wWYviAjaykbQo2x,['10s9vPaMhzDYMqjwmxNr1t'],Bob Marley,"['AD', 'AE', 'AR', 'AT', 'AU', 'BE', 'BG', 'BH', 'BO', 'BR', 'CA', 'CH', 'CL', 'CO', 'CR', 'CY', 'CZ', 'DE', 'DK', 'DO', 'DZ', 'EC', 'EE', 'EG', 'ES', 'FI', 'FR', 'GB', 'GR', 'GT', 'HK', 'HN', 'HU', 'ID', 'IE', 'IL', 'IN', 'IS', 'IT', 'JO', 'JP', 'KW', 'LB', 'LI', 'LT', 'LU', 'LV', 'MA', 'MC', 'MT', 'MX', 'MY', 'NI', 'NL', 'NO', 'NZ', 'OM', 'PA', 'PE', 'PH', 'PL', 'PS', 'PT', 'PY', 'QA', 'RO', 'SA', 'SE', 'SG', 'SK', 'SV', 'TH', 'TN', 'TR', 'TW', 'US', 'UY', 'VN', 'ZA']",AR,0.32,1.0,268648.0,0.576,https://api.spotify.com/v1/tracks/1EpOxn4wWYviAjaykbQo2x,1EpOxn4wWYviAjaykbQo2x,0.0481,0.0,0.176,-8.75,"
I'm wandering and I've got no plans
And I don't expect you to understand
Don't mind me if I'm not calling for help
And everybody thinks I'm a fool
And everyone they say : ""you're so numb""
I'm wasting my night, I'm driving too fast
I'm wasting my chance, I don't even try
Long silence over useless debates
And I don't wanna know what's your kid up to
You're saying more than you think
You mean nothing
And Damn, I Hate It
When they all get to know me better, I Hate It
When it feels like they know me
I'm wasting my night, I'm driving too fast
I'm wasting my chance, I don't even try
",1.0,Exodus,reggae,21.0,https://p.scdn.co/mp3-preview/6ae3c69387c24dfdd9d6fdf31c174a76976e41b6?cid=b3cdb16d0df2409abf6a8f6c2f6c2e0c,0.0338,95.628,4.0,https://api.spotify.com/v1/tracks/1EpOxn4wWYviAjaykbQo2x,track_21,3.0,spotify:track:1EpOxn4wWYviAjaykbQo2x,0.353,track
